-- MySQL dump 10.13  Distrib 8.0.30, for Linux (x86_64)
--
-- Host: localhost    Database: Persian_V2
-- ------------------------------------------------------
-- Server version	8.0.30-0ubuntu0.22.04.1

/*!40101 SET @OLD_CHARACTER_SET_CLIENT=@@CHARACTER_SET_CLIENT */;
/*!40101 SET @OLD_CHARACTER_SET_RESULTS=@@CHARACTER_SET_RESULTS */;
/*!40101 SET @OLD_COLLATION_CONNECTION=@@COLLATION_CONNECTION */;
/*!50503 SET NAMES utf8mb4 */;
/*!40103 SET @OLD_TIME_ZONE=@@TIME_ZONE */;
/*!40103 SET TIME_ZONE='+00:00' */;
/*!40014 SET @OLD_UNIQUE_CHECKS=@@UNIQUE_CHECKS, UNIQUE_CHECKS=0 */;
/*!40014 SET @OLD_FOREIGN_KEY_CHECKS=@@FOREIGN_KEY_CHECKS, FOREIGN_KEY_CHECKS=0 */;
/*!40101 SET @OLD_SQL_MODE=@@SQL_MODE, SQL_MODE='NO_AUTO_VALUE_ON_ZERO' */;
/*!40111 SET @OLD_SQL_NOTES=@@SQL_NOTES, SQL_NOTES=0 */;

--
-- Current Database: `Persian_V2`
--

CREATE DATABASE /*!32312 IF NOT EXISTS*/ `Persian_V2` /*!40100 DEFAULT CHARACTER SET utf8mb4 COLLATE utf8mb4_0900_ai_ci */ /*!80016 DEFAULT ENCRYPTION='N' */;

USE `Persian_V2`;

--
-- Table structure for table `Dialogues`
--

DROP TABLE IF EXISTS `Dialogues`;
/*!40101 SET @saved_cs_client     = @@character_set_client */;
/*!50503 SET character_set_client = utf8mb4 */;
CREATE TABLE `Dialogues` (
  `DIALOGUE_ID` int NOT NULL,
  `THEME_ID` int NOT NULL,
  `SEQUENCE_NUMBER` int NOT NULL,
  `CHARACTER_ENGLISH` varchar(255) NOT NULL,
  `FRENCH` varchar(255) NOT NULL,
  `PERSIAN` varchar(255) NOT NULL,
  `GERMAN` varchar(255) NOT NULL,
  `ENGLISH` varchar(255) NOT NULL,
  `DUTCH` varchar(255) NOT NULL,
  `CHARACTER_FRENCH` varchar(255) NOT NULL,
  `CHARACTER_DUTCH` varchar(255) NOT NULL,
  `CHARACTER_GERMAN` varchar(255) NOT NULL,
  `CHARACTER_PERSIAN` varchar(255) NOT NULL
) ENGINE=InnoDB DEFAULT CHARSET=utf8mb4 COLLATE=utf8mb4_0900_ai_ci;
/*!40101 SET character_set_client = @saved_cs_client */;

--
-- Dumping data for table `Dialogues`
--

LOCK TABLES `Dialogues` WRITE;
/*!40000 ALTER TABLE `Dialogues` DISABLE KEYS */;
INSERT INTO `Dialogues` VALUES (2,3,1,'narrator','Mina et sa mère vont au marché. Mina veut des vêtements. ','مینا و مادر او به بازار می روید. مینا لباس ها می خواهد.','Mina und ihre Mutter gehen zu dem Markt. Mina will Kleidung.','Mina and her mother are going to the market. Mina wants clothes.','Mina en haar moeder gaan naar de markt. Mina wil kleding.','narrateur','verteller','Erzähler','راوی'),(2,3,2,'Mina’s mother','Quels vêtements veux-tu acheter ?','تو چی لباس های می خواهی؟ ','Welche Kleidung willst du kaufen ?','Which clothes do you want to buy ?','Welke kleding wil je kopen ?','Mère de Mina','Mina’s moeder','Mina’s Mutter','مادر مینا'),(2,3,3,'Mina','Je veux une robe, un pantalon et des chaussures.','من یک پیراهن و شلوار و کفش می خواهم. ','Ich will ein Kleid, ein Hose und Schuhe.','I want a dress, pants and shoes.','Ik wil een jurk, een broek en schoenen.','Mina','Mina','Mina','مینا'),(2,3,4,'Mina’s mother','Ici il y a un magasin de vêtements.','اینجا یک لباس فروشگاه است.','Hier is ein Kleidungladen.','Here is a clothing shop.','Hier is een kledingswinkel.','Mère de Mina','Mina’s moeder','Mina’s Mutter','مادر مینا'),(2,3,5,'Mina','Bonjour monsieur, je veux une robe et un pantalon s’il-vous plaît.','سلام آقا من یک پیراهن و شلوار می خواهم لطفا.','Hallo Herr, ich will ein Kleid und ein Hose bitte.','Hello mister, I want a dress and trousers please.','Hallo mijnheer, ik wil een jurk en een broek alstublieft.','Mina','Mina','Mina','مینا'),(2,3,6,'seller','Bonjour mesdames, quelle couleur voulez-vous pour la robe ?','سلام خانم ها شما چه رنگ برای پیراهن می خواهید؟','Hallo Damen, welche Farbe wollen sie für dem Kleid ?','Hello ladies, what color do you want for the dress ?','Hallo damen, welke kleur willen jullie voor de jurk ?','vendeur','verkoper','Verkaüfer','فروشنده'),(2,3,7,'Mina','Je veux une robe noire et un pantalon blanc.','من یک پیراهن سیاه می خواهم و شلوار سفید.','Ich will ein schwarzes Kleid une ein weißen Hose.','I want a black dress and white trousers.','Ik wil een zwarte jurk en een witte broek.','Mina','Mina','Mina','مینا'),(2,3,8,'seller','Les robes sont ici et les pantalons sont là-bas.','پیراهن ها اینجا هستند و شلوار آنجا هستند.','Die Kleider sind hier und die Hosen sind da.','The dresses are here and the trousers are there.','De jurken zijn hier en de broeken zijn daar.','vendeur','verkoper','Verkaüfer','فروشنده'),(2,3,9,'Mina’s mother','Je n’aime pas les pantalons blancs. Les pantalons bleux sont mieux.','من شلوار سفید دوست ندارم شلوار آبی بهتر هستند.','Ich liebe die weißen Hosen nicht. Blaue Hosen sind besser.','I don’t like white trousers. Blue trousers are better.','Ik hou niet van witte broeken. Blauwe broeken zijn beter.','Mère de Mina','Mina’s moeder','Mina’s Mutter','مادر مینا'),(2,3,10,'Mina','Ce pantalon est joli. C’est combien ?','این شلوار زیبا است. چند است؟','Diese Hose ist schön. Wie viel ist es ?','These trousers are beautiful. How much is it ?','Deze broek is mooi. Hoeveel is het ?','Mina','Mina','Mina','مینا'),(2,3,11,'seller','Il coûte 300 000 Toman. ','۳۰۰۰۰۰ تومان است.','Es kostet 300 000 Toman. ','It costs 300 000 Toman.','Het kost 300 000 Toman.','vendeur','verkoper','Verkaüfer','فروشنده'),(2,3,12,'Mina','C’est bon marché! J’achète ce pantalon bleu et cette robe rouge.','ارزان است من این شلوار آبی و این پیراهن قرمز می خرم.','Es ist billig. Ich kaufe dieses blaue Hose und diese rotes Kleid.','It is cheap. I am buying these blue trousers and this red dress.','Het is goedkoop. Ik koop deze blauwe broek en deze rode jurk.','Mina','Mina','Mina','مینا'),(2,3,13,'seller','Ces deux vêtements coûtent 550 000 Toman.','این دو لباس ها ۵۵۰۰۰۰ تومان هستند.','Diese beide Kleidungen kosten 550 000 Toman.','These clothes cost 550 000 Toman.','Deze kledingen kosten 550 000 Toman.','vendeur','verkoper','Verkaüfer','فروشنده'),(2,3,14,'Mina’s mother','Tu as de l’argent ?','تو پول داری؟','Hast du Geld ?','Do you have money ?','Deze kledingen kosten 550 000 Toman.','Mère de Mina','Mina’s moeder','Mina’s Mutter','مادر مینا'),(2,3,15,'Mina','Oui.','بله','Ja.','Yes.','Ja.','Mina','Mina','Mina','مینا'),(2,3,16,'seller','Merci. Au revoir.','تشکر خدا حفظ','Danke. Auf Wiedersehen.','Thank you. Goodbye.','Danku, tot ziens.','vendeur','verkoper','Verkaüfer','فروشنده'),(2,3,17,'Mina','Au revoir.','خدا حافظ','Auf Wiedersehen.','Goodbye.','Tot ziens.','Mina','Mina','Mina','مینا'),(1,2,1,'Ali','Bonjour, mon nom est Ali.','سلام، نام من علی است.','Hallo, mein Name ist Ali.','Hello, my name is Ali.','Hallo, mijn naam is Ali.','Ali','Ali','Ali','علی'),(1,2,2,'Mina','Bonjour, je suis Mina.','سلام، من مینا هستم.','Hallo, ich bin Mina.','Hello, I am Mina.','Hallo, ik ben Mina.','Mina','Mina','Mina','مینا'),(1,2,3,'Ali','Tu es aussi dans la classe de Persan?','شما هم در کلاس فارسی هستید؟','Bist du auch in dem Persisch Kurs?','Are you in the Persian class too? ','Ben jij ook in de Persisch klas?','Ali','Ali','Ali','علی'),(1,2,4,'Mina','Oui, nous sommes camarades de classe.','بله، ما همسالان کلاس هستیم.','Ja, wir sind Klassenkameraden.','Yes, we are classmates.','Ja, wij zijn klassenkameraden.','Mina','Mina','Mina','مینا'),(1,2,5,'Ali','Le cours de Persan est aujourd’hui? ','کلاس فارسی امروز است؟','Ist der Persisch Kurs heute? ','Is the Persian lesson today?','Is de Persisch les vandaag?','Ali','Ali','Ali','علی'),(1,2,6,'Mina','Oui, c’est au deuxième étage.','بله، دومین طبقه است.','Ja, es ist auf die zweite Stock.','Yes, it is on the second floor.','Ja, het is op de tweede verdieping.','Mina','Mina','Mina','مینا'),(1,2,7,'Ali','Merci beaucoup.','بسیار مرسی.','Vielen Dank.','Thanks a lot.','Heel erg bedankt.','Ali','Ali','Ali','علی'),(1,2,8,'Mina','De rien.','نه، هیچ چیزی.','Bitte.','My pleasure.','Graag gedaan.','Mina','Mina','Mina','مینا'),(3,1,1,'Mina','Bonjour, je suis Mina. Je suis étudiante en économie. J’ai 22 ans. J’ai une soeur et un frère. Je vis chez mes parents à Tehran, mais j’étudie à Paris. Enchantée de vous connaître.','سلام، من مینا هستم. من دانشجوی اقتصاد هستم. 22 سالم هستم. همیشه خواهری و همیشه پدری هستم. در تهران با والدین من زندگی میکنم، اما در پاریز میخوانم. خدافظ.','Hallo, ich bin Mina. Ich bin Studentin in Wirtschaft. Ich bin 22 Jahren alt. Ich hab ein Brüder und einem Schwester. Ich lebe bei meinem Eltern in Tehran, aber ich studiere in Paris. Froh ihn kennen zu lernen.','Hello, I am Mina. I am an economy student. I am 22 years old. I have a sister and a brother. I am living with my parents in Tehran, but I am studying in Paris. Nice to meet you.','Hallo, ik ben Mina. Ik ben student in economie. Ik ben 22 jaar oud. Ik heb een zus en een broer. Ik leef bij mijn ouders in Tehran, maar ik studeer in Paris. Ik ben blij u te leren kennen.','Mina','Mina','Mina','مینا'),(4,4,1,'Mother of Mina','Il faut que tu m’aides à cuisiner pour les invités de ce soir. ','شما باید به من کمک کنید تا برای مهمانان این شب آشپزی کنیم.','Du muss mich helfen mit kochen für die Gästen von heute Abend.','You have to help me cook for the guests of this evening.','Je moet mij helpen met koken voor de gasten van vanavond.','Mère de Mina','Mother of Mina','Mütter von Mina','مادر مینا'),(4,4,2,'Mina','Combien d’invités il y a ?','همچنان چند مهمانی داریم؟','Wie viele Gästen gibt es?','How many guests are there?','Hoe veel gasten zijn er ?','Mina','Mina','Mina','مینا'),(4,4,3,'Mother of Mina','Nous avons 10 invités.','۱۰ مهمان داریم.','Wir haben 10 Gästen.','We have 10 guests.','We hebben 10 gasten.','Mère de Mina','Mother of Mina','Mütter von Mina','مادر مینا'),(4,4,4,'Mina','Qu’est-ce que tu vas cuisiner ?','شما میخواهید چیزی بزارید؟','Was wirst du kochen?','What are you going to cook? ','Wat ga je koken ?','Mina','Mina','Mina','مینا'),(4,4,5,'Mother of Mina','Je vais cuisiner du chelow kebab.','من چلو کباب میخواهم بزارم.','Ich mache chelow kebab.','I will make chelow kebab.','Ik ga chelow kebab maken.','Mère de Mina','Mother of Mina','Mütter von Mina','مادر مینا'),(4,4,6,'Mina','Nous avons du riz. Je vais au supermarché pour le reste.','ما برنج داریم. من برای بقیه چیزها به فروشگاه میروم.','Wir haben Reis. Ich gehe zum Supermarkt für dem Rest.','We have rice. I am going to the supermarket for the rest.','We hebben reis. Ik ga naar de supermarkt voor de rest.','Mina','Mina','Mina','مینا'),(4,4,7,'Mina','J’achète des oignons, de la viande de poulet et des tomates. Je veux aussi du safran et de la salade. J’achète aussi de la glace, les invités aiment bien.','من به فروشگاه میروم برای خرده پیاز، گوشت پرنده و طماطم. میخواهم همچنان زعفران و سالاد بخرم. همچنین میخواهم از بستنی خریداری کنم، مهمانان دوستشان دارند.','Ich kaufe Zwiebeln, Hünerfleisch und Tomaten. Ich will auch Safran und Salat. Ich kaufe auch Eis, die Gästen lieben das. ','I am buying oignons, chicken meat and tomatoes. I also want safran and salad. I am also buying ice cream, the guests like that. ','Ik koop uien, kippenvlees en tomaten. Ik wil ook safran en salade. Ik koop ook ijs, de gasten houden hiervan.','Mina','Mina','Mina','مینا'),(4,4,8,'Mother of Mina','Merci beaucoup! Mets la table. Les couteaux, fourchettes et cuillières sont là.','بسیار ممنون! میز را قرار دهید. قیچی، قیچی های شاخ و قیچی های خورده در اینجا هستند.','Vielen Dank! Setz dem Tisch. Die Messer, Gabel und Löffel sind da.','Thanks a lot! Make the table. The knives, forks and spoons are there.','Heel erg bedankt! Zet de tafel. De messen, vorken en lepels zijn daar.','Mère de Mina','Mother of Mina','Mütter von Mina','مادر مینا');
/*!40000 ALTER TABLE `Dialogues` ENABLE KEYS */;
UNLOCK TABLES;

--
-- Table structure for table `Images`
--

DROP TABLE IF EXISTS `Images`;
/*!40101 SET @saved_cs_client     = @@character_set_client */;
/*!50503 SET character_set_client = utf8mb4 */;
CREATE TABLE `Images` (
  `IMAGE_ID` varchar(255) DEFAULT 'NULL',
  `IMAGE_PATH` varchar(255) NOT NULL
) ENGINE=InnoDB DEFAULT CHARSET=utf8mb4 COLLATE=utf8mb4_0900_ai_ci;
/*!40101 SET character_set_client = @saved_cs_client */;

--
-- Dumping data for table `Images`
--

LOCK TABLES `Images` WRITE;
/*!40000 ALTER TABLE `Images` DISABLE KEYS */;
/*!40000 ALTER TABLE `Images` ENABLE KEYS */;
UNLOCK TABLES;

--
-- Table structure for table `Levels`
--

DROP TABLE IF EXISTS `Levels`;
/*!40101 SET @saved_cs_client     = @@character_set_client */;
/*!50503 SET character_set_client = utf8mb4 */;
CREATE TABLE `Levels` (
  `LEVEL` varchar(255) NOT NULL,
  `WORDING_ENGLISH` varchar(255) NOT NULL,
  `WORDING_FRENCH` varchar(255) NOT NULL,
  `WORDING_DUTCH` varchar(255) NOT NULL,
  `WORDING_PERSIAN` varchar(255) NOT NULL,
  `WORDING_GERMAN` varchar(255) NOT NULL,
  PRIMARY KEY (`LEVEL`)
) ENGINE=InnoDB DEFAULT CHARSET=utf8mb4 COLLATE=utf8mb4_0900_ai_ci;
/*!40101 SET character_set_client = @saved_cs_client */;

--
-- Dumping data for table `Levels`
--

LOCK TABLES `Levels` WRITE;
/*!40000 ALTER TABLE `Levels` DISABLE KEYS */;
INSERT INTO `Levels` VALUES ('A1','Beginner','Débutant','Beginner','Beginner','Anfänger'),('A2','Elementary','Élémentaire','Elementair','Elementary','Elementar');
/*!40000 ALTER TABLE `Levels` ENABLE KEYS */;
UNLOCK TABLES;

--
-- Table structure for table `Themes`
--

DROP TABLE IF EXISTS `Themes`;
/*!40101 SET @saved_cs_client     = @@character_set_client */;
/*!50503 SET character_set_client = utf8mb4 */;
CREATE TABLE `Themes` (
  `THEME_ID` int NOT NULL AUTO_INCREMENT,
  `TITLE_FRENCH` varchar(255) NOT NULL,
  `WORDING_FRENCH` varchar(255) NOT NULL,
  `TITLE_GERMAN` varchar(255) NOT NULL,
  `WORDING_GERMAN` varchar(255) NOT NULL,
  `TITLE_ENGLISH` varchar(255) NOT NULL,
  `WORDING_ENGLISH` varchar(255) NOT NULL,
  `WORDING_DUTCH` varchar(255) NOT NULL,
  `TITLE_DUTCH` varchar(255) NOT NULL,
  `TITLE_PERSIAN` varchar(255) NOT NULL,
  `WORDING_PERSIAN` varchar(255) NOT NULL,
  `IMAGE_ID` varchar(255) NOT NULL,
  `LEVEL` varchar(255) NOT NULL,
  PRIMARY KEY (`THEME_ID`),
  UNIQUE KEY `THEME_ID` (`THEME_ID`)
) ENGINE=InnoDB AUTO_INCREMENT=5 DEFAULT CHARSET=utf8mb4 COLLATE=utf8mb4_0900_ai_ci;
/*!40101 SET character_set_client = @saved_cs_client */;

--
-- Dumping data for table `Themes`
--

LOCK TABLES `Themes` WRITE;
/*!40000 ALTER TABLE `Themes` DISABLE KEYS */;
INSERT INTO `Themes` VALUES (1,'Présentation','Se présenter','Vorstellung','Sich vorstellen','Presentation','Presenting oneself','Zich voorstellen','Voorstellen','آشنایی','خود را آشنایی دهید','no','A1'),(2,'Université','À l’université','Universität','An der Universität','University','At university','Op de universiteit','Universiteit','دانشگاه','در دانشگاه','no','A1'),(3,'Vêtements','Au magasin de vêtements','Kleider','In dem Kleider Laden','Clothes','At the clothes shop','In de kleding winkel','Kleding','لباس','لباسفروشی','no','A1'),(4,'Cuisine','Dans la cuisine','Küche','In die Küche','Kitchen','In the kitchen','In de keuken','Keuken','آشپزخانه','در دانشگاه','no','A1');
/*!40000 ALTER TABLE `Themes` ENABLE KEYS */;
UNLOCK TABLES;

--
-- Table structure for table `Words`
--

DROP TABLE IF EXISTS `Words`;
/*!40101 SET @saved_cs_client     = @@character_set_client */;
/*!50503 SET character_set_client = utf8mb4 */;
CREATE TABLE `Words` (
  `WORD_ID` int NOT NULL AUTO_INCREMENT,
  `FRENCH` varchar(255) NOT NULL,
  `THEME_ID` varchar(255) NOT NULL,
  `DUTCH` varchar(255) NOT NULL,
  `GERMAN` varchar(255) NOT NULL,
  `PERSIAN` varchar(255) NOT NULL,
  `ENGLISH` varchar(255) NOT NULL,
  `IMAGE_ID` varchar(255) NOT NULL,
  `SUBTHEME` varchar(255) NOT NULL,
  PRIMARY KEY (`WORD_ID`),
  UNIQUE KEY `WORD_ID` (`WORD_ID`)
) ENGINE=InnoDB AUTO_INCREMENT=272 DEFAULT CHARSET=utf8mb4 COLLATE=utf8mb4_0900_ai_ci;
/*!40101 SET character_set_client = @saved_cs_client */;

--
-- Dumping data for table `Words`
--

LOCK TABLES `Words` WRITE;
/*!40000 ALTER TABLE `Words` DISABLE KEYS */;
INSERT INTO `Words` VALUES (1,'vêtement','3','kleding','Kleidung','لباس','clothing','https://encrypted-tbn1.gstatic.com/images?q=tbn:ANd9GcTA0VCFk21D-2UvKvRo2JK2wnEq6v2mdk3pL-Y5l9reahkm2lqg','Clothes'),(2,'écharpe','3','sjaal','Schal','شال','scarf','https://encrypted-tbn0.gstatic.com/images?q=tbn:ANd9GcR2QToaPQX2n3kOfMQDNrlPJ_p97dcBm9tJJf6EBQVoJXCOr9GK','Clothes'),(3,'gants','3','handschoenen','Handschuhe','دستکش','gloves','https://encrypted-tbn3.gstatic.com/images?q=tbn:ANd9GcTEPj8mvHIEl4ZPI3ZUAAIWrpdAFBysvViL3kWB_2lc1O8Tj4ss','Clothes'),(4,'montre','3','horloge','Uhr','ساعت','watch','https://encrypted-tbn0.gstatic.com/images?q=tbn:ANd9GcQ9oFbA773KEbG6N4hsHp5WvxdilsYEST7KuffUgi3wKiLZ5kyJ','Clothes'),(5,'lunettes','3','bril','Brille','عینک','glasses','https://encrypted-tbn0.gstatic.com/images?q=tbn:ANd9GcSr26m0-FY5qRPbnk-vgXvOYd8J7Oob_o5QjgBOFrhtnc5PBJXx','Clothes'),(6,'lunettes de soleil','3','zonnebril','Sonnenbrille','عینک آفتابی','sunglasses','https://encrypted-tbn1.gstatic.com/images?q=tbn:ANd9GcQT3ZbRiJ8rSmrekMjmUQfX_wDlDt7qcru6gMW9kV55rf39wQic','Clothes'),(7,'cravate','3','das','Krawatte','کراوات','tie','https://encrypted-tbn2.gstatic.com/images?q=tbn:ANd9GcQAdiLRi4u7daJ412zPjTz9JmJ7olHn4wplL9Ghs6lsqzBvkQOQ','Clothes'),(9,'sac','3','tas','Tasche','کیف','bag','https://www.bragmybag.com/saint-laurent-small-sac-de-jour-carryall-bag/','Clothes'),(10,'chapeau','3','hoed','Hut','کلاه','hat','https://encrypted-tbn3.gstatic.com/images?q=tbn:ANd9GcSS20iajBDQtjZYJYR3H17ez9kh1fwu0umcoMlmBnpieWyl6yWQ','Clothes'),(11,'bracelet','3','armband','Armband','دستبند','bracelet','https://encrypted-tbn2.gstatic.com/images?q=tbn:ANd9GcRyhe2kCdYi4X2LR716mx6AaJTRfvsxBmGUa_F0HoOzid3nqsER','Clothes'),(12,'bague','3','ring','Ring','حلقه','ring','https://encrypted-tbn1.gstatic.com/images?q=tbn:ANd9GcRkoght2PFG1H8UsEmYj2ueIFAPqNHXfaL6ncy0-HylrydLDBfV','Clothes'),(13,'collier','3','ketting','Halskette','گردنبند','necklace','https://encrypted-tbn0.gstatic.com/images?q=tbn:ANd9GcSbvFTNS_A2cgYCnQVkAusmEQHYHJT0Db8DAwcACYoDypH5fJhe','Clothes'),(14,'maillot de bain','3','zwemkleding','Badeanzug','لباس شنا','swim suit','https://encrypted-tbn1.gstatic.com/images?q=tbn:ANd9GcSYThEIn5E0sfrH1AetbHtOkYB0vyCLomRWeMeJQujztx8IlBh7','Clothes'),(15,'culotte','3','slipje','Höschen','','panties','https://encrypted-tbn1.gstatic.com/images?q=tbn:ANd9GcQZvqEYh5gOgDrseUrwr7wm2dwLILaULazv5_Y0yuvqXY1mSdx6','Clothes'),(16,'soutien-gorge','3','BH','BH','','bra','https://encrypted-tbn1.gstatic.com/images?q=tbn:ANd9GcTTaxomL-VOAlZYFWpDipNMDCmLpIvJeJx3ov1adpAMhye8B-pJ','Clothes'),(17,'sous-vêtements','3','ondergoed','Unterwäsche','لباس زیر','underwear','https://encrypted-tbn3.gstatic.com/images?q=tbn:ANd9GcQc7Q-uHZk5ZvO0aIxX4i4hD387aN_CJyQPwl87DEUf1bovV-Y-','Clothes'),(18,'chausettes','3','sokken','Socken','جوراب','socks','https://encrypted-tbn2.gstatic.com/images?q=tbn:ANd9GcTedqunhMocaBTWLw4kzJsnRmEuCj2BzYoCwBXhgyp1bBCtGBHi','Clothes'),(19,'peignoir','3','badjas','Bademantel','','bathrobe','https://masquetoallas.com/gb/27-bathrobes','Clothes'),(20,'pyjama','3','pyjama','Pyjama','پیژامه','pyjamas','https://encrypted-tbn0.gstatic.com/images?q=tbn:ANd9GcQuYo8J5yHYsZkAgNCSuTJGC-bbqQhhnFkzVsdmRVc8NZsh4-fu','Clothes'),(21,'T-shirt','3','T-shirt','T-Shirt','تیشرت','T-shirt','https://encrypted-tbn1.gstatic.com/images?q=tbn:ANd9GcTzhYrTYvBIbwJ8P848fHEFi7qD2kkBNOtPmGpfhB9Zg7hi0rDr','Clothes'),(22,'chemise','3','shirt','Hemd','پیراهن','shirt','https://encrypted-tbn0.gstatic.com/images?q=tbn:ANd9GcQsZgiy_OHYshTf4VjpehSOiP7PtieHMme3xKH1geTkWbDh1_pN','Clothes'),(23,'robe','3','jurk','Kleid','پیراهن','dress','https://encrypted-tbn0.gstatic.com/images?q=tbn:ANd9GcS5CLJWfYE_XBXlghbCEKQiWPpa8o9j5qBi0_K3P0gbMn6-N3_g','Clothes'),(24,'jupe','3','rok','Rock','دامن','skirt','https://encrypted-tbn0.gstatic.com/images?q=tbn:ANd9GcQ6yXKLMoj6s68NDsmC1GcOwur-bMuDVCwKazUDL_Az_N9IwSxx','Clothes'),(25,'veste','3','jas','Jacke','ژاکت','jacket','https://encrypted-tbn1.gstatic.com/images?q=tbn:ANd9GcQe-5g1EoR3Ovr99cachdke2VeWBzx_Dm5R5VB14QdV_lm5kxLk','Clothes'),(26,'costume','3','pak','Anzug','کاستیوم','suit','https://encrypted-tbn1.gstatic.com/images?q=tbn:ANd9GcRKqJ0BpOgdoC6EhZeqRUKD_8zEGhMbnHZcC5H28dUyZYR8bYfd','Clothes'),(27,'manteau','3','jas','Mantel','پالتو','coat','https://encrypted-tbn2.gstatic.com/images?q=tbn:ANd9GcQSdv3nAGYp3QYWSYlibpLKgBnNJwhSNsvdyD9hz2sv9EJCM_5L','Clothes'),(28,'chaussures','3','schoenen','Schuhe','کفش','shoes','https://encrypted-tbn2.gstatic.com/images?q=tbn:ANd9GcTaa9SdKSvvjZQ5qH7-zo6VBLGwP2ufg3kjqZA0IebJyLLhts7F','Clothes'),(29,'chaussures à talons','3','hakken','Absatzschuhe','','heels','https://encrypted-tbn3.gstatic.com/images?q=tbn:ANd9GcQbN_fB3ipCsuTFSDsjUGb5J__OaWq1auQnz37IBVgS3jlcQr_x','Clothes'),(30,'bottes','3','laarzen','Stiefel','چکمه','boots','https://encrypted-tbn0.gstatic.com/images?q=tbn:ANd9GcSVt414edg2Rvkqes8i1dw8TqiyHx2pgLFkZ2vIBnuPPdtjU5zJ','Clothes'),(31,'pantoufles','3','pantoffels','Hausschuhe','','slippers','https://encrypted-tbn3.gstatic.com/images?q=tbn:ANd9GcRMk1RbXI1fgnFk49Ivh-2JAbXK24iEAinG02xbH2jTSDffLRGx','Clothes'),(32,'pull','3','trui','Pullover','','jumper','https://encrypted-tbn3.gstatic.com/images?q=tbn:ANd9GcSk65vBmFYULrircCLvAazZAuA_zNn4tfAOBWrgSZfy774mLyI3','Clothes'),(33,'pantalon','3','broek','Hose','شلوار','trousers','https://encrypted-tbn3.gstatic.com/images?q=tbn:ANd9GcRhvjlv0tAoD35dOfRGn11Tj6IYP-fjAAxUHtzX4ZVqSYBzkyld','Clothes'),(34,'gilet','3','vest','Weste','جلیقه','coat','https://encrypted-tbn2.gstatic.com/images?q=tbn:ANd9GcRx_X4OYhBC56tZm7Eklln25McbGeXZBgxHn3ZbpgYhiCmzEmqM','Clothes'),(35,'marché','3','markt','Markt','بازار','market','https://encrypted-tbn3.gstatic.com/images?q=tbn:ANd9GcT9ZAoybmofB4EiyMhHceiKCbCMpcW54uRXlwgHVT9djjwhOvd_','Clothes'),(36,'ici','3','hier','Hier','اینجا','here','','Others'),(37,'mère','3','moeder','Mutter','مدار','mother','','Family'),(38,'aller','3','gaan','gehen','رفتن','to go','','Verbs'),(39,'je vais','3','ik ga','ich gehe','من می روم','I go','','Verbs'),(40,'tu vas','3','jij gaat','du gehst','تو می روی','you go','','Verbs'),(41,'il/elle va','3','hij/zij gaat','er/sie/er geht','او می رود','he/she goes','','Verbs'),(42,'nous allons','3','wij gaan','wir gehen','ما می رویم','we go','','Verbs'),(43,'vous allez','3','jullie gaan','ihr geht','شما می روید','you go','','Verbs'),(44,'ils/elles vont','3','zij gaan','sie gehen','آنها می روند','they go','','Verbs'),(45,'vouloir','3','willen','wollen','خواستن','to want','','Verbs'),(46,'je veux','3','ik wil','ich will','من می خواهم','I want','','Verbs'),(47,'tu veux','3','jij wilt','du willst','تو می خواهی','you want','','Verbs'),(48,'il/elle veut','3','hij/zij wil','er/sie/er will','او می خواهد','he/she wants','','Verbs'),(49,'nous voulons','3','wij willen','wir wollen','ما می خواهیم','we want','','Verbs'),(50,'vous voulez','3','jullie willen','ihr wollt','شما می خواهید','you want','','Verbs'),(51,'ils/elles veulent','3','zij willen','sie wollen','آنها می خواهند','they want','','Verbs'),(52,'quel','3','welke','welche','چی','which','','Others'),(53,'un','3','één','ein','یک','one','','Numbers'),(54,'magasin','3','winkel','Laden','فروشگاه','shop','','Places'),(55,'monsieur','3','mijnheer','Herr','آقا','mister','','Family'),(56,'mesdames','3','damen','Damen','خانم ها','ladies','','Family'),(57,'bonjour','2','hallo','hallo','سلام','hello','','Others'),(58,'s’il vous plaît','3','alstublieft','bitte','لطفا','please','','Others'),(59,'couleur','3','kleur','Farbe','رنگ','color','','Colors'),(60,'pour','3','voor','für','برای','for','','Others'),(61,'noir','3','zwart','schwarz','سیاه','black','https://t1.gstatic.com/images?q=tbn:ANd9GcSe8M5qAW3Y4uq1xpCe7Kypav9x_r4Vz89KPN24Z-l1BfrO8dpD','Colors'),(62,'blanc','3','white','weiß','سفید','white','https://external-content.duckduckgo.com/iu/?u=https%3A%2F%2Ftse2.mm.bing.net%2Fth%3Fid%3DOIP.0C7k_FvtjBLQRvZaBPw8awHaHa%26pid%3DApi&f=1&ipt=2d8e8d65eca14aab7af68c57b9aff15bfc51c2a6f56112d6a8f697ef1edf9c2d&ipo=images','Colors'),(63,'Là-bas','3','daar','da','آنجا','there','','Others'),(64,'bleu','3','blauw','blau','آبی','blue','https://encrypted-tbn0.gstatic.com/images?q=tbn:ANd9GcSB8EUE62HD3V4o96eAESdEOFd85XLzCDGeMctOCzbkac4CS44L','Colors'),(65,'mieux','3','beter','besser','بهتر','better','','Adjectives'),(66,'être','2','zijn','sein','بودن','to be','','Verbs'),(67,'je suis','2','ik ben','ich bin','من هستم','I am','','Verbs'),(68,'tu es','2','jij bent','du bist','تو هستی','you are','','Verbs'),(69,'il/elle est','2','hij/zij is','er/sie/er ist','او است','he/she is','','Verbs'),(70,'nous sommes','2','wij zijn','wir sind','ما هستیم','we are','','Verbs'),(71,'vous êtes','2','jullie zijn','sie sind','شما هستید','you are','','Verbs'),(72,'ils/elles sont','2','zij zijn','ihr seit','آنها هستند','they are','','Verbs'),(73,'aimer','3','houden','lieben','دوست داشتن','to love','','Verbs'),(74,'j’aime','3','ik hou','ich liebe','من دوست دارم','I love','','Verbs'),(75,'tu aimes','3','jij houdt','du liebst','تو دوست داری','you love','','Verbs'),(76,'il/elle aime','3','hij/zij houdt','er/sie/er liebt','او دوست دارد','he/she loves','','Verbs'),(77,'nous aimons','3','wij houden','wir lieben','ما دوست داریم','we love','','Verbs'),(78,'vous aimez','3','jullie houden','sie lieben','شما دوست دارید','you love','','Verbs'),(79,'ils/elles aiment','3','zij houden','ihr liebt','آنها دوست دارند','they love','','Verbs'),(80,'joli','3','mooi','schön','زیبا','beautiful','','Adjectives'),(81,'combien','3','hoeveel','wie viel','چند','how much','','Others'),(82,'pas cher','3','goedkoop','billig','ارزان','cheap','','Adjectives'),(83,'rouge','3','rood','rot','قرمز','red','https://encrypted-tbn2.gstatic.com/images?q=tbn:ANd9GcRf5a4-eYB5kIy4sK2m5HawHtTBVqT5YB8KN6rhc4K9aQYm_8ml','Colors'),(84,'deux','3','twee','Zwei','دو','two','','Numbers'),(85,'cher','3','duur','Teuer','گران','expensive','','Adjectives'),(86,'orange','3','oranje','orange','نارنجی','orange','https://encrypted-tbn3.gstatic.com/images?q=tbn:ANd9GcTjvljxF_ify6DBR42Z5X5qPjE0rX0XHCNu0yxnCPhbEDul9FyB','Colors'),(87,'gris','3','grijs','grau','خاکستری','gray','https://external-content.duckduckgo.com/iu/?u=https%3A%2F%2Ftse3.mm.bing.net%2Fth%3Fid%3DOIP.GOZdRK2P1ZbKgvNObW5N7gHaEK%26pid%3DApi&f=1&ipt=e265d5a45b74c5b5fd468fcc0de832764645b171d16e97635282ba4a84cbdb31&ipo=images','Colors'),(88,'violet','3','violet','violet','بنفش','violet','https://t0.gstatic.com/images?q=tbn:ANd9GcT61YWi3iRc-RZ0f0GXQfKosl3CUvsxYW9Rl0R6MzwbKMR53gak','Colors'),(89,'jaune','3','geel','gelb','زرد','yellow','https://encrypted-tbn0.gstatic.com/images?q=tbn:ANd9GcSR1-Ny017gFuNcX4lDYgQWg0axeze7xLiLBBY5mZeSf4u5diCx','Colors'),(90,'vert','3','groen','grün','سبز','green','https://encrypted-tbn0.gstatic.com/images?q=tbn:ANd9GcQMaOf3b5K1rzffCyktUR8P1RHBx_UMxwuNfnujdqOcEVc09MjR','Colors'),(91,'marron','3','bruin','braun','قهوهای','brown','https://encrypted-tbn0.gstatic.com/images?q=tbn:ANd9GcQ1hFlZyB6h7e0VEOQWUR314hnnwIRaU9ux8DbzRj0rqVW16dHJ','Colors'),(92,'rose','3','roos','rosa','صورتی','rose','https://encrypted-tbn0.gstatic.com/images?q=tbn:ANd9GcRnGzwqSZBn5CaZnOYnf3049-dqXhXkt1yAeWHbXNFLuDbDsrQ7','Colors'),(93,'trois','3','drie','drei','سه','three','','Numbers'),(94,'quatre','3','vier','vier','چهار','four','','Numbers'),(95,'cinq','3','vijf','fünf','پنج','five','','Numbers'),(96,'six','3','zes','sechs','شش','six','','Numbers'),(97,'sept','3','zeven','sieben','هفت','seven','','Numbers'),(98,'huit','3','acht','acht','هشت','eight','','Numbers'),(99,'neuf','3','negen','neun','نو','nine','','Numbers'),(100,'dix','3','tien','zehn','دو','ten','','Numbers'),(101,'nombre','3','nummer','Nummer','شماره','number','','Numbers'),(102,'avoir','3','hebben','haben','داشتن','to have','','Verbs'),(103,'j’ai','3','ik heb','ich hab','من می دانم','I have','','Verbs'),(104,'tu as','3','jij hebt','du hast','تو می دانی','you have','','Verbs'),(105,'il/elle a','3','hij/zij heeft','er/sie/er hat','او می داند','he/she has','','Verbs'),(106,'nous avons','3','wij hebben','wir haben','ما می دانیم','we have','','Verbs'),(107,'vous avez','3','jullie hebben','sie haben','شما می دانید','you have','','Verbs'),(108,'ils/elles ont','3','zij hebben','ihr habt','آنها می دانند','they have','','Verbs'),(109,'acheter','3','kopen','kaufen','خریدن','to buy','','Verbs'),(110,'j’achète','3','ik koop','ich kaufe','من می خریدم','I buy','','Verbs'),(111,'tu achètes','3','jij koopt','du kaufst','تو می خریدی','you buy','','Verbs'),(112,'il/elle achète','3','hij/zij koopt','er/sie/er kauft','او می خرید','he/she buys','','Verbs'),(113,'nous achetons','3','wij kopen','wir kaufen','ما می خریم','we buy','','Verbs'),(114,'vous achetez','3','jullie kopen','sie kaufen','شما می خرید','you buy','','Verbs'),(115,'ils/elles achètent','3','zij kopen','ihr kauft','آنها می خرند','they buy','','Verbs'),(116,'argent','3','geld','Geld','پول','money','https://encrypted-tbn0.gstatic.com/images?q=tbn:ANd9GcRbDHMUV9xgWYD8deniUz8CvrthF_FYSfP61k02uBFJNwKJ4jPV','Objects'),(117,'oui','3','ja','ja','بله','yes','','Others'),(118,'merci','3','danku','danke','تشکر','thanks','','Others'),(119,'au revoir','3','tot ziens','auf Wiedersehen','خدا حافظ','goodbye','','Sayings'),(120,'vendeur','3','verkoper','Verkaufer','فروشنده','seller','','Jobs'),(121,'nom','2','naam','Name','اسم','name','','Others'),(122,'aussi','2','ook','auch','هم','also','','Others'),(123,'dans','2','in','in','در','in','','Others'),(124,'université','2','universiteit','Universität','دانشگاه','university','','Places'),(125,'classe','2','klas','Klasse','کلاس','class','https://www.cta.org/wp-content/uploads/2020/03/empty-classroom.jpg','Places'),(126,'Persan','2','persisch','Persisch','فارسی','persian','','Langues'),(127,'camarade de classe','2','klassen kamaraad','Klassen Kamarad','همکلاسی','class comrades','','Jobs'),(128,'aujourd’hui','2','vandaag','Heute','امروز','today','','Time'),(129,'étage','2','verdieping','Stock','طبقه','floor','','Places'),(130,'premier','2','eerste','erste','اول','first','','Numbers'),(131,'deuxième','2','tweede','zweite','دوم','second','','Numbers'),(132,'troisième','2','derde','dritte','سوم','third','','Numbers'),(133,'quatrième','2','vierde','vierte','چهارم','fourth','','Numbers'),(134,'cinquième','2','vijfde','fünfte','پنجم','fifth','','Numbers'),(135,'sixième','2','zesde','sechste','ششم','sixth','','Numbers'),(136,'septième','2','zevende','siebte','هفتم','seventh','','Numbers'),(137,'huitième','2','achtste','achtste','هشتم','eighth','','Numbers'),(138,'neuvième','2','negende','neunte','نهم','nineth','','Numbers'),(139,'dixième','2','tiende','zehnte','دهم','tenth','','Numbers'),(140,'merci beaucoup','2','hartelijk bedankt','vielen dank','خیلی ممنونم','thanks a lot','','Others'),(141,'de rien','2','geen probleem','bitte','خواهش می کنم','no problem','','Others'),(142,'hier','2','gisteren','Gestern','دیروز','yesterday','','Time'),(143,'demain','2','morgen','Morgen','فردا','tomorrow','','Time'),(144,'avant-hier','2','eergisteren','Vorgestern','پریروز','day before yesterday','','Time'),(145,'Après-demain','2','overmorgen','Übermorgen','پسفردا','day after tomorrow','','Time'),(146,'semaine','2','week','Woche','هفته','week','','Time'),(147,'la semaine passée','2','vorige week','lätzte Woche','هفته آیانده','last week','','Time'),(148,'la semaine prochaine','2','volgende week','nächste Woche','هفته بعد','next week','','Time'),(149,'mois','2','maand','Monat','ماه','month','','Time'),(150,'année','2','jaar','Jahr','سال','year','','Time'),(151,'hôpital','6','ziekenhuis','Krankenhaus','بیمارستان','hospital','','Places'),(152,'comment','6','hoe','wie','چطور','how','','Others'),(153,'médecin','6','arts','Arts','دکتر','doctor','https://encrypted-tbn2.gstatic.com/images?q=tbn:ANd9GcQva25GDJraO3Oifg9_CGIAsGZkdWnOy0WOBiSQ6Sta6NAF9EOP','Jobs'),(155,'beaucoup','6','heel','viel','زیادی','a lot','','Adjectives'),(156,'douleur','6','pijn','Schmerz','آسیب','pain','','Medical'),(157,'ventre','6','buik','Bauch','معده','stomach','https://external-content.duckduckgo.com/iu/?u=https%3A%2F%2Ftse1.mm.bing.net%2Fth%3Fid%3DOIP.TZDpOvTMA2ukRZV7cn79NgHaEX%26pid%3DApi&f=1&ipt=e6c90b55ff09324d6d82c672883e2253a73712708b0878ad2c398b9336514bad&ipo=images','Body'),(158,'où','6','waar','wo','جایی','where','','Others'),(159,'uniquement','6','enkel','nur','فقط','only','','Others'),(160,'ou','6','of','oder','یا','or','','Others'),(161,'autre','6','anders','anders','دیگر','other','','Others'),(162,'étudiant','1','student','Student','دانشجو','student','https://external-content.duckduckgo.com/iu/?u=https%3A%2F%2Ftse1.mm.bing.net%2Fth%3Fid%3DOIP.aOv7WJ16Z7HZJB2cAxGqYwHaE8%26pid%3DApi&f=1&ipt=e808a7e939802366644933371611f51b39423a376fbd4158885f9248add712a8&ipo=images','Profession'),(163,'docteur','1','dokter','Doktor','دکتر','doctor','https://external-content.duckduckgo.com/iu/?u=https%3A%2F%2Ftse3.mm.bing.net%2Fth%3Fid%3DOIP.Syvg84nCftPhzy2dbrj35wHaHa%26pid%3DApi&f=1&ipt=bdeee96dd3eafc6a70b0e83fd783c86c24eeda6e8ae55ef445946382b2884f11&ipo=images','Profession'),(164,'infirmière','1','verpleegster','Krankenschwester','پرستار','nurse','https://external-content.duckduckgo.com/iu/?u=https%3A%2F%2Ftse3.mm.bing.net%2Fth%3Fid%3DOIP.AcrDUPWl9FcDu5HkE5DvawHaJL%26pid%3DApi&f=1&ipt=7f9c4751988f3561fc926f756f207399db7f73fe6a1db7d4ee7eb089c062f646&ipo=images','Profession'),(165,'professeur','1','leerkracht','Lehrer','معلم','teacher','https://external-content.duckduckgo.com/iu/?u=https%3A%2F%2Ftse4.mm.bing.net%2Fth%3Fid%3DOIP._I8jO3oaZQfGDRZnmMRiBwHaFP%26pid%3DApi&f=1&ipt=2e6159f55d7001708b5fe4705cc504481ec2f80c4ba01b7827d5e32f6fc374d8&ipo=images','Profession'),(166,'vétérinaire','1','dierenarts','Tierenarzt','طبیب بیطری','veterinarian','https://external-content.duckduckgo.com/iu/?u=https%3A%2F%2Ftse4.mm.bing.net%2Fth%3Fid%3DOIP.vCRKaR_0qbD5-IasUxTDPAHaFv%26pid%3DApi&f=1&ipt=4711bb23d594c83956164afd8d2336ee8f8c1bc41004886731cfddfc2100d3a3&ipo=images','Profession'),(167,'dentiste','1','tandarts','Zähnarzt','دندان پزشک','dentist','https://external-content.duckduckgo.com/iu/?u=https%3A%2F%2Ftse4.mm.bing.net%2Fth%3Fid%3DOIP.vSIJTpvoI_ETA7gqV1EI_wHaE8%26pid%3DApi&f=1&ipt=5c3c5ec910d0e4703a39d24bdc9ecbaee4a49092bf8136c755be85f213617ab9&ipo=images','Profession'),(168,'cuisinier','1','kok','Koch','آشپز','cook','https://external-content.duckduckgo.com/iu/?u=https%3A%2F%2Ftse2.mm.bing.net%2Fth%3Fid%3DOIP.7HXMATVcwg_Rlm4lycL37wHaE8%26pid%3DApi&f=1&ipt=6de20e2d8665f5e34e97966a0ebfee6d367c1e03b89b8b545625b006cd95148d&ipo=images','Profession'),(169,'coiffeur','1','kapper','Friseur','آرایشگر','hairdresser','https://external-content.duckduckgo.com/iu/?u=https%3A%2F%2Ftse3.mm.bing.net%2Fth%3Fid%3DOIP.MxNLurFNkGNIDYGP8Zt4-AHaGc%26pid%3DApi&f=1&ipt=d85b761d62249fcb728155c459e80535d3d0a9374e1c3ef49468343ebca9ffc4&ipo=images','Profession'),(170,'policier','1','politieagent','Polizist','پلیس','policeman','https://external-content.duckduckgo.com/iu/?u=https%3A%2F%2Ftse1.mm.bing.net%2Fth%3Fid%3DOIP.AzkuJHZn4IMnGZ_PAaqyHgHaE8%26pid%3DApi&f=1&ipt=93b491214c659f01a566cff7f0718ac52224557a0ec1a8309f91c222799482ec&ipo=images','Profession'),(171,'avocat','1','advokaat','Antwalt','وکیل','lawyer','https://external-content.duckduckgo.com/iu/?u=https%3A%2F%2Ftse4.mm.bing.net%2Fth%3Fid%3DOIP.vHHyff4P91PD7LmvKAUCsgHaFS%26pid%3DApi&f=1&ipt=3800ff46c02d9bb9f171dd707d7f676fc7c10885dc2803264372fe5a9cae7b31&ipo=images','Profession'),(172,'serveur','1','kelner','Kellner','ناخدا','waiter','https://external-content.duckduckgo.com/iu/?u=https%3A%2F%2Ftse4.mm.bing.net%2Fth%3Fid%3DOIP.p6MKgyOutc8qdj1PatVkswHaE8%26pid%3DApi&f=1&ipt=b82dfc355bb3db1f42fddc3192706a54f462b5697f2148be5c0dc6a869b5fbd0&ipo=images','Profession'),(173,'ingénieur','1','ingenieur','Ingenieur','مهندس','engineer','https://external-content.duckduckgo.com/iu/?u=https%3A%2F%2Ftse4.mm.bing.net%2Fth%3Fid%3DOIP.FHSBIK8LU7okzchZcVUsbgHaFZ%26pid%3DApi&f=1&ipt=df56828a0769e7a8eedd1e4f8fddee17b74606408f58e47bf64b9443003c165d&ipo=images','Profession'),(174,'employé','1','werknemer','Angestellter','کارمند','employee','https://external-content.duckduckgo.com/iu/?u=https%3A%2F%2Ftse1.mm.bing.net%2Fth%3Fid%3DOIP.b_ybf-yzbOQ5QdEl4-y5sAHaE8%26pid%3DApi&f=1&ipt=f60be4eb9c308e6512c23bc8fec9186fd9320d60465a2ee91ca283449685314e&ipo=images','Profession'),(175,'directeur','1','directeur','Direktor','رئیس','director','','Profession'),(176,'paysan','1','landbouwer','Bauer','زراعتکار','farmer','https://external-content.duckduckgo.com/iu/?u=https%3A%2F%2Ftse2.explicit.bing.net%2Fth%3Fid%3DOIP.XhkKXt-RAhoKeq8WuJzgBwHaE7%26pid%3DApi&f=1&ipt=9303f469d2d9dda41b7e7001a9ed9586f08972c63da5a847497982d0cb2a59f5&ipo=images','Profession'),(177,'boulanger','1','bakker','Bäcker','شیرینی فر','baker','https://external-content.duckduckgo.com/iu/?u=https%3A%2F%2Ftse4.explicit.bing.net%2Fth%3Fid%3DOIP.lLIB8xK35nQerwT0rbNWtgHaE8%26pid%3DApi&f=1&ipt=eca0cd2491fce73ea46a6c5869233b60253d1db2986d2237cd133650a55ab12a&ipo=images','Profession'),(178,'père','1','vader','Vater','پدر','father','','Family'),(179,'mère','1','moeder','Mütter','مادر','mother','','Family'),(180,'soeur','1','zus','Schwester','خواهر','sister','','Family'),(181,'frère','1','broer','Brüder','برادر','brother','','Family'),(182,'grand-mère','1','grootmoeder','Großmutter','جد','grandmother','','Family'),(183,'grand-père','1','grootvader','Großvater','جدت','grandfather','','Family'),(184,'conjoint','1','echtgenoot','Ehepartner','همسر','spouse','','Family'),(185,'enfant','1','kind','Kind','کودک','child','https://external-content.duckduckgo.com/iu/?u=https%3A%2F%2Ftse3.mm.bing.net%2Fth%3Fid%3DOIP.WKQT-okguUKH9eFBQbB5MgHaE8%26pid%3DApi&f=1&ipt=557358f0d9c528469b3a34e4eae1ba5fc9b49b73296e2366ee7dd1a991b1b300&ipo=images','Family'),(186,'fille','1','dochter','Tochter','دختر','daughter','','Family'),(187,'fils','1','zoon','Sohn','پسر','son','','Family'),(188,'un','1','een','Ein','یک','one','','Numbers'),(189,'deux','1','twee','Zwei','دو','two','','Numbers'),(190,'trois','1','drie','drei','سه','three','','Numbers'),(191,'quatre','1','vier','vier','چهار','four','','Numbers'),(192,'cinq','1','vijf','fünf','پنج','five','','Numbers'),(193,'six','1','zes','sechs','شش','six','','Numbers'),(194,'sept','1','zeven','sieben','هفت','seven','','Numbers'),(195,'huit','1','acht','acht','هشت','eight','','Numbers'),(196,'neuf','1','negen','neun','نه','nine','','Numbers'),(197,'dix','1','tien','zehn','ده','ten','','Numbers'),(198,'vingt','1','twintig','Zwanzig','بیست','twenty','','Numbers'),(199,'trente','1','dertig','dreißig','سی','thirty','','Numbers'),(200,'quarante','1','veertig','vierzig','چهل','forty','','Numbers'),(201,'cinquante','1','vijftig','fünfzig','پانصد','fifty','','Numbers'),(202,'soixante','1','zestig','sechzig','شصت','sixty','','Numbers'),(203,'septante','1','zeventig','siebzig','هفتاد','seventy','','Numbers'),(204,'quatre-vingts','1','achtig','achtzig','هشتاد','eighty','','Numbers'),(205,'nonante','1','negentig','neunzig','نود','ninety','','Numbers'),(206,'cent','1','honderd','hundert','صد','one hundred','','Numbers'),(207,'deux cents','1','tweehonderd','zweihundert','دویست','two hundred','','Numbers'),(208,'trois cents','1','driehonderd','dreihundert','سیصد','three hundred','','Numbers'),(209,'quatre cents','1','vierhonderd','vierhundert','چهارصد','four hundred','','Numbers'),(210,'cinq cents','1','vijfhonderd','fünfhundert','پانصد','five hundred','','Numbers'),(211,'six cents','1','zeshonderd','sechshundert','ششصد','six hundred','','Numbers'),(212,'sept cents','1','zevenhonderd','siebenhundert','هفتصد','seven hundred','','Numbers'),(213,'huit cents','1','achthonderd','achthundert','هشتصد','eight hundred','','Numbers'),(214,'neuf cents','1','negenhonderd','neunhundert','نهصد','nine hundred','','Numbers'),(215,'mille','1','duizend','tausend','هزار','thousand','','Numbers'),(216,'1','1','1','1','۱','1','','Numbers'),(217,'2','1','2','2','۲','2','','Numbers'),(218,'3','1','3','3','۳','3','','Numbers'),(219,'4','1','4','4','۴','4','','Numbers'),(220,'5','1','5','5','۵','5','','Numbers'),(221,'6','1','6','6','۶','6','','Numbers'),(222,'7','1','7','7','۷','7','','Numbers'),(223,'8','1','8','8','۸','8','','Numbers'),(224,'9','1','9','9','۹','9','','Numbers'),(225,'0','1','0','0','۰','0','','Numbers'),(226,'lait','4','melk','Milch','شیر','milk','https://external-content.duckduckgo.com/iu/?u=https%3A%2F%2Ftse4.mm.bing.net%2Fth%3Fid%3DOIP.-BIedB2qW1MOvj1LTz0e1AHaFP%26pid%3DApi&f=1&ipt=71da9d014f2a6716d4f8f4c7be90cb0c9cceeb6dda874522677ff2f1017dcb84&ipo=images','Food'),(227,'oeuf','4','ei','Ei','تخم مرغ','egg','https://external-content.duckduckgo.com/iu/?u=https%3A%2F%2Ftse3.mm.bing.net%2Fth%3Fid%3DOIP.ysVr5TMFrg2pEmUXLyxIuAHaHa%26pid%3DApi&f=1&ipt=265527edf9f5139421c310aa35381715c3be4758e141a7bf1065cd8abfe8924a&ipo=images','Food'),(228,'farine','4','meel','Mehl','آرد','flour','https://external-content.duckduckgo.com/iu/?u=https%3A%2F%2Ftse2.mm.bing.net%2Fth%3Fid%3DOIP.NuOpoCOJqlHY0uG_TBx7-QHaE8%26pid%3DApi&f=1&ipt=2705406647bc44e89c941ff34f3f9dc7da210f5be99caec5b60017d34a4d26f9&ipo=images','Food'),(229,'viande','4','vlees','Fleisch','گوشت','meat','https://external-content.duckduckgo.com/iu/?u=https%3A%2F%2Ftse4.mm.bing.net%2Fth%3Fid%3DOIP.ueAE1kv5x7dIdBlaK1aguwHaE7%26pid%3DApi&f=1&ipt=ebdbdbc675f30b3a7de1a94c67e4068a52d2e735a9c4e581dd4f1500270986b4&ipo=images','Food'),(230,'poulet','4','kip','Huhn','مرغ','chicken','https://external-content.duckduckgo.com/iu/?u=https%3A%2F%2Ftse2.mm.bing.net%2Fth%3Fid%3DOIP.vzpNcIQqE7NTIarXRB05ugHaF5%26pid%3DApi&f=1&ipt=d560c58ff03bc0ec476e50f9be344f3e47c8cc29ec2f939bba0a167833a8783e&ipo=images','Food'),(231,'mouton','4','schapenvlees','Schaf','گوسفند','mutton','https://external-content.duckduckgo.com/iu/?u=https%3A%2F%2Ftse2.mm.bing.net%2Fth%3Fid%3DOIP.cqvivpEu29AG3LqpalCDAAHaE7%26pid%3DApi&f=1&ipt=39cc1c61451fa99223db9083f630821e50b91b27f84d66517d3e322e03ab80fd&ipo=images','Food'),(232,'boeuf','4','rundvlees','Rind','گاو','beef','https://external-content.duckduckgo.com/iu/?u=https%3A%2F%2Ftse2.mm.bing.net%2Fth%3Fid%3DOIP.EFu-aDXzRcLgZj20AQrNmQHaE7%26pid%3DApi&f=1&ipt=51d198575dc77ea52686224e961ddfa95db461d2a2565fb9f1bcc48e2205ae73&ipo=images','Food'),(233,'poisson','4','vis','Fisch','ماهی','fish','https://external-content.duckduckgo.com/iu/?u=https%3A%2F%2Ftse1.mm.bing.net%2Fth%3Fid%3DOIP.pq6YUe0Gf8w_xtWtIb5pLQHaE7%26pid%3DApi&f=1&ipt=2b970abc073a044f97c2dd6ccfbae75bcd4890d1c95dbd65676d933512d256e2&ipo=images','Food'),(234,'porc','4','varkensvlees','Schwein','خوک','pork','https://external-content.duckduckgo.com/iu/?u=https%3A%2F%2Ftse4.mm.bing.net%2Fth%3Fid%3DOIP.xV7Ls8EOvXsKBek9IWK43gHaFj%26pid%3DApi&f=1&ipt=d6fed613313e77d53c79bedf8f7aeefb75ccc0cf74cf4a3a782c02a8e7dbccb4&ipo=images','Food'),(235,'eau','4','water','Wasser','آب','water','https://external-content.duckduckgo.com/iu/?u=https%3A%2F%2Ftse1.mm.bing.net%2Fth%3Fid%3DOIP.hbec62DsIq4dMZKCqtknVAHaG3%26pid%3DApi&f=1&ipt=24c5db119f14a836dc92e26c7ceb51f3939c1bf7f862bc520e0b6cc54566b954&ipo=images','Food'),(236,'thé','4','thee','Tee','چای','tea','https://external-content.duckduckgo.com/iu/?u=https%3A%2F%2Ftse4.mm.bing.net%2Fth%3Fid%3DOIP.YIkdbx13eDzDrM6OQC2bcAHaE7%26pid%3DApi&f=1&ipt=80badb55acabd43a8ffd9df60f3d1bf08e66401757d2f8c155241bb636a27f64&ipo=images','Food'),(237,'café','4','koffie','Kaffee','قهوه','coffee','https://external-content.duckduckgo.com/iu/?u=https%3A%2F%2Ftse3.mm.bing.net%2Fth%3Fid%3DOIP.NkwA8MSwyxwofajs0LTGLgHaE9%26pid%3DApi&f=1&ipt=4944e5963d4a8e6f80b399a0a7395abfc35859cb4d8dcc60a2727ca2d76e2168&ipo=images','Food'),(238,'riz','4','rijst','Reis','برنج','rice','https://external-content.duckduckgo.com/iu/?u=https%3A%2F%2Ftse4.mm.bing.net%2Fth%3Fid%3DOIP.m7n2KpmlYTDICGwfZZXqCgHaFb%26pid%3DApi&f=1&ipt=700be245c9b2264a722df307a2c1a8068eb146aa4ea139d6e58b2f4315a76720&ipo=images','Food'),(239,'pain','4','brood','Brot','نان','bread','https://external-content.duckduckgo.com/iu/?u=https%3A%2F%2Ftse1.mm.bing.net%2Fth%3Fid%3DOIP.Tm38mElierPRcHvLRF-KUQHaGy%26pid%3DApi&f=1&ipt=b7d35d8beb94494d73a2899d2d0b67142b7fd818cca4563e026bfd938f438e20&ipo=images','Food'),(240,'pâtes','4','pasta','Nudeln','پاستا','pasta','https://external-content.duckduckgo.com/iu/?u=https%3A%2F%2Ftse1.mm.bing.net%2Fth%3Fid%3DOIP.KNhxNFaU8EQv-crspR790gHaFB%26pid%3DApi&f=1&ipt=fba742fc416662c20fcd98d598fba5381ddef1e3f09b022d694a5308ce978d4c&ipo=images','Food'),(241,'huile','4','olie','Öl','روغن','oil','https://external-content.duckduckgo.com/iu/?u=https%3A%2F%2Ftse2.mm.bing.net%2Fth%3Fid%3DOIP.9oCKtMQy97eDsPzc6GVSyAHaLH%26pid%3DApi&f=1&ipt=28a3effe13881b03f3e8317b4f0cdb7ed3937870294725af2b713ac752daf602&ipo=images','Food'),(242,'sel','4','zout','Salz','نمک','salt','https://external-content.duckduckgo.com/iu/?u=https%3A%2F%2Ftse4.mm.bing.net%2Fth%3Fid%3DOIP.SpXWaMQLUHlSHCE62LdjZQHaFj%26pid%3DApi&f=1&ipt=3058802b4c8ef3809690268d2079fb7aeb2abedbe8de65b28e9a04032e762f5a&ipo=images','Food'),(243,'poivre','4','peper','Pfeffer','فلفل','pepper','https://external-content.duckduckgo.com/iu/?u=https%3A%2F%2Ftse2.mm.bing.net%2Fth%3Fid%3DOIP.0GjT2avomfJ58mAYuOsF6QHaFj%26pid%3DApi&f=1&ipt=4e8de0d05cb73c92f581fae084eb71c686ccf82c7d5272c747c9f9cf10834d29&ipo=images','Food'),(244,'épice','4','kruiden','Gewürz','ادویه','spice','https://external-content.duckduckgo.com/iu/?u=https%3A%2F%2Ftse4.mm.bing.net%2Fth%3Fid%3DOIP.5dunWrt4v6a-BuGrDv6bPQHaEK%26pid%3DApi&f=1&ipt=6dd5cfced81c1f3802b3ad031bb3c942f9dbd52a5c554dc3a6578827ba13fadd&ipo=images','Food'),(245,'safran','4','saffraan','Safran','زعفران','saffron','https://external-content.duckduckgo.com/iu/?u=https%3A%2F%2Ftse1.mm.bing.net%2Fth%3Fid%3DOIP.BkKj7UuAVQUCSZxojv3xUwHaE8%26pid%3DApi&f=1&ipt=b9b76b28a06b932ce674a8797da3a6ac675f429ae78cddd88f565f750133dd48&ipo=images','Food'),(246,'beurre','4','boter','Butter','کره','butter','https://external-content.duckduckgo.com/iu/?u=https%3A%2F%2Ftse3.mm.bing.net%2Fth%3Fid%3DOIP.Iu9nVY4C_C2DnR8_hmVivgHaFj%26pid%3DApi&f=1&ipt=c74165b659b051b9c5ecc7a2c55e5b0288f9c362081284d570813a89ad1a9fad&ipo=images','Food'),(247,'yoghurt','4','yoghurt','Joghurt','ماست','yoghurt','https://external-content.duckduckgo.com/iu/?u=https%3A%2F%2Ftse2.mm.bing.net%2Fth%3Fid%3DOIP.IyVyPtwwtUNzhy8Qv1kpjQHaE8%26pid%3DApi&f=1&ipt=efc321e8b80cb5f277081558eda0b3b15d81257d6caa250feaec3397b81a269a&ipo=images','Food'),(248,'glace','4','ijs','Eis','بستنی','ice cream','https://external-content.duckduckgo.com/iu/?u=https%3A%2F%2Ftse4.mm.bing.net%2Fth%3Fid%3DOIP._xwTuw8WFnoy7ZmFi1zBMQHaNK%26pid%3DApi&f=1&ipt=8a20ea42a66d007f0edeaa1a2c680128e397b6a59244ea155cdb8921d5d83c5d&ipo=images','Food'),(249,'salade','4','salade','Salat','سالاد','salad','https://external-content.duckduckgo.com/iu/?u=https%3A%2F%2Ftse2.mm.bing.net%2Fth%3Fid%3DOIP.FhDOK9EyvqFomlI_fAm0YAHaE7%26pid%3DApi&f=1&ipt=602604007225b44270e6aea15c6bb75a9dd246e4a71c968ca6507fa0a2169fd3&ipo=images','Food'),(250,'tomate','4','tomaat','Tomate','گوجه فرنگی','tomato','https://external-content.duckduckgo.com/iu/?u=https%3A%2F%2Ftse4.mm.bing.net%2Fth%3Fid%3DOIP.HiHEL1eRVKXpHjVX6huFxwHaHa%26pid%3DApi&f=1&ipt=f69e2c7b6ca11ad0dda39c7390c68ddb1cf0c24daf9f1d723af6cb9252308963&ipo=images','Food'),(251,'aubergine','4','aubergine','Aubergine','بادنجان','aubergine','https://external-content.duckduckgo.com/iu/?u=https%3A%2F%2Ftse3.mm.bing.net%2Fth%3Fid%3DOIP.6I1p55CsFRIcOCGl1sLQUgHaF_%26pid%3DApi&f=1&ipt=728c796db354b26be6663ab487b4f619b59736c5502b79a936de45b2dd62562e&ipo=images','Food'),(252,'poivron','4','peper','Paprika','فلفل دلمهای','bell pepper','https://external-content.duckduckgo.com/iu/?u=https%3A%2F%2Ftse3.mm.bing.net%2Fth%3Fid%3DOIP.T-cAzDnBGa-orKX4LJK7iAEyDL%26pid%3DApi&f=1&ipt=ef4f0c654b71a86ac04b2dded783ebe84614d126f3e73cc42cb7d0af45482fec&ipo=images','Food'),(253,'oignon','4','ui','Zwiebel','پیاز','onion','https://external-content.duckduckgo.com/iu/?u=https%3A%2F%2Ftse2.explicit.bing.net%2Fth%3Fid%3DOIP.IYRlMENw_wu1BRJ2JhTSLQHaHa%26pid%3DApi&f=1&ipt=75c3baaacdd95f704e203c1102ee9cd8f47e343cadbed1c3b2c7c5f4c32529de&ipo=images','Food'),(254,'ail','4','knoflook','Knoblauch','سیر','garlic','https://external-content.duckduckgo.com/iu/?u=https%3A%2F%2Ftse3.mm.bing.net%2Fth%3Fid%3DOIP.h8Bk5FL6GjjXSua5vinPcgHaHa%26pid%3DApi&f=1&ipt=b31ef5b18262e830b4c0ef87b057aa8bbf37d919794fea3f8cb0579b035ad977&ipo=images','Food'),(255,'fromage','4','kaas','Käse','پنیر','cheese','https://external-content.duckduckgo.com/iu/?u=https%3A%2F%2Ftse4.mm.bing.net%2Fth%3Fid%3DOIP.TSFmmEx_Q8NrjZ6ao0L8vwHaE8%26pid%3DApi&f=1&ipt=e7c3cf45fcea86956681f4cbdcabbc49ea1c5c15fbf2a32616bf6a6fa7800ec7&ipo=images','Food'),(256,'pomme','4','appel','Apfel','سیب','apple','https://external-content.duckduckgo.com/iu/?u=https%3A%2F%2Ftse1.mm.bing.net%2Fth%3Fid%3DOIP.9rvRxf-fQ8UsTrHt4OHX-gHaHa%26pid%3DApi&f=1&ipt=d2574fa9ff362e52ec6109bb7c6fd97714f23cbc8169767fc7c6b19252db2718&ipo=images','Food'),(257,'banane','4','banaan','Banane','موز','banana','https://external-content.duckduckgo.com/iu/?u=https%3A%2F%2Ftse3.mm.bing.net%2Fth%3Fid%3DOIP.rEWhGzFHKJnYbj9-gBhnyAHaHa%26pid%3DApi&f=1&ipt=43a287100dded2601d0edef62a0cf1150bcb19e33cf2444d715f45a72383fb3a&ipo=images','Food'),(258,'orange','4','oranje','Orange','نارنج','orange','https://external-content.duckduckgo.com/iu/?u=https%3A%2F%2Ftse1.mm.bing.net%2Fth%3Fid%3DOIP.evIZKR9l2CYNobkqFp9M4AHaE8%26pid%3DApi&f=1&ipt=43a1507c0ee5f181d35daf622069326ebe4d30ba91ca16c5fda9065fabef7bd7&ipo=images','Food'),(259,'orange','4','oranje','orange','پرتقال','orange','https://external-content.duckduckgo.com/iu/?u=https%3A%2F%2Ftse1.mm.bing.net%2Fth%3Fid%3DOIP.evIZKR9l2CYNobkqFp9M4AHaE8%26pid%3DApi&f=1&ipt=43a1507c0ee5f181d35daf622069326ebe4d30ba91ca16c5fda9065fabef7bd7&ipo=images','Food'),(260,'chelow kebab','4','chelow kebab','Chelow Kebab','چلو کباب','chelow kebab','https://external-content.duckduckgo.com/iu/?u=https%3A%2F%2Ftse2.mm.bing.net%2Fth%3Fid%3DOIP.jji6GNUH9OkGkQ_gMUdeywHaFR%26pid%3DApi&f=1&ipt=f6d51a0d3742e93653ca3d82b076c1e0c7cb4fc82b14fd4d8526684a8ec5be77&ipo=images','Food'),(261,'pomme de terre','4','aardappel','Kartoffel','سیب زمینی','potato','https://external-content.duckduckgo.com/iu/?u=https%3A%2F%2Ftse2.mm.bing.net%2Fth%3Fid%3DOIP.xFdQG5my6f37lr1zj0LZaAHaEK%26pid%3DApi&f=1&ipt=fe1eab9e683d4ba3e805fbdd36fcbbc5bfbea4ef00b523b8e6dde5baf9883cfa&ipo=images','Food'),(262,'noix','4','walnoot','Walnuss','گردو','walnut','https://external-content.duckduckgo.com/iu/?u=https%3A%2F%2Ftse1.explicit.bing.net%2Fth%3Fid%3DOIP._ES_KCdfj0suKFjRVX3pCQHaHa%26pid%3DApi&f=1&ipt=c571b4d18f0fa79131deb5479e3b893bfdac9a9f7214e684d0bf18f6c04f5c79&ipo=images','Food'),(263,'carotte','4','wortel','Karotte','هویج','carrot','https://external-content.duckduckgo.com/iu/?u=https%3A%2F%2Ftse2.explicit.bing.net%2Fth%3Fid%3DOIP.RRLWHhQc4Q5ZrYQRVTrdcwHaHa%26pid%3DApi&f=1&ipt=7601cc07ea233f4f2a72a51b8fa6b2945658237064a294870597c4320e48896a&ipo=images','Food'),(264,'table','4','tafel','Tisch','میز','table','https://external-content.duckduckgo.com/iu/?u=https%3A%2F%2Ftse4.mm.bing.net%2Fth%3Fid%3DOIP.TNR5RgN2a-_qawNVxobf6AHaGm%26pid%3DApi&f=1&ipt=838a46cd137462b25775db1dc93364fccc618b6c401d636ace5fcc737a8c7fc8&ipo=images','Objects'),(265,'nappe','4','tafelkleed','Tischtuch','سفره','tablecloth','https://external-content.duckduckgo.com/iu/?u=https%3A%2F%2Ftse3.mm.bing.net%2Fth%3Fid%3DOIP.IjRS1l-eEZ16pTCefXsv9wHaI4%26pid%3DApi&f=1&ipt=a98daf0f0de096ce572ee8eb5348617add223574ffb02b33c86c1817cec7fa8b&ipo=images','Objects'),(266,'verre','4','glas','Glas','لیوان','glass','https://external-content.duckduckgo.com/iu/?u=https%3A%2F%2Ftse1.mm.bing.net%2Fth%3Fid%3DOIP.0KTO2EkLTG20FiMkSRFQ_AHaHa%26pid%3DApi&f=1&ipt=06ce8b9260b70117f762dad7b3a83eaf7fa959b597063305d542f4d268c52534&ipo=images','Objects'),(267,'tasse','4','kopje','Tasse','فنجان','cup','https://external-content.duckduckgo.com/iu/?u=https%3A%2F%2Ftse4.mm.bing.net%2Fth%3Fid%3DOIP.5FIClUPjUfTQCBJYUvxNggHaHa%26pid%3DApi&f=1&ipt=23fef7094fa9ff0c1233936ebb8edf7e36a904e13a2f9de66664eede0bf09962&ipo=images','Objects'),(268,'couteau','4','mes','Messer','چاقو','knife','https://external-content.duckduckgo.com/iu/?u=https%3A%2F%2Ftse4.explicit.bing.net%2Fth%3Fid%3DOIP.fO04GDPnpvmL4dkhykVn4QHaHa%26pid%3DApi&f=1&ipt=45b3f95db229a10c2e024e88f6d1bb4c16fd6fa73a934d244856fe678ac4f5b9&ipo=images','Objects'),(269,'fourchette','4','vork','Gabel','چنگال','fork','https://external-content.duckduckgo.com/iu/?u=https%3A%2F%2Ftse3.mm.bing.net%2Fth%3Fid%3DOIP.3rHHQZ2rcm4fO6JuQfBSOwHaHa%26pid%3DApi&f=1&ipt=5df0cce566a1f6e22ea781bd21a81eefd59acadf497e459e509040ff4e8d05c5&ipo=images','Objects'),(270,'cuillière','4','lepel','Löffel','قاشق','spoon','https://external-content.duckduckgo.com/iu/?u=https%3A%2F%2Ftse2.mm.bing.net%2Fth%3Fid%3DOIP.MBWol1ff-gT95zJQSgw-qQHaHq%26pid%3DApi&f=1&ipt=33a618339a535aa502e0973da3e23cdf7a2a0c6c8909a7af5f380b061533bdda&ipo=images','Objects'),(271,'assiette','4','bord','Teller','پشقاب','plate','https://external-content.duckduckgo.com/iu/?u=https%3A%2F%2Ftse4.mm.bing.net%2Fth%3Fid%3DOIP.DScZmt3J4hOGSXPLDrdtYAHaHa%26pid%3DApi&f=1&ipt=9a03d2a4dd0f5aa310ef3b6aa20e25819066413888e7c12b579b45fff945ee8e&ipo=images','Objects');
/*!40000 ALTER TABLE `Words` ENABLE KEYS */;
UNLOCK TABLES;
/*!40103 SET TIME_ZONE=@OLD_TIME_ZONE */;

/*!40101 SET SQL_MODE=@OLD_SQL_MODE */;
/*!40014 SET FOREIGN_KEY_CHECKS=@OLD_FOREIGN_KEY_CHECKS */;
/*!40014 SET UNIQUE_CHECKS=@OLD_UNIQUE_CHECKS */;
/*!40101 SET CHARACTER_SET_CLIENT=@OLD_CHARACTER_SET_CLIENT */;
/*!40101 SET CHARACTER_SET_RESULTS=@OLD_CHARACTER_SET_RESULTS */;
/*!40101 SET COLLATION_CONNECTION=@OLD_COLLATION_CONNECTION */;
/*!40111 SET SQL_NOTES=@OLD_SQL_NOTES */;

-- Dump completed on 2023-01-23 21:02:20
