-- MySQL dump 10.13  Distrib 8.0.30, for Linux (x86_64)
--
-- Host: localhost    Database: Persian
-- ------------------------------------------------------
-- Server version	8.0.30-0ubuntu0.22.04.1

/*!40101 SET @OLD_CHARACTER_SET_CLIENT=@@CHARACTER_SET_CLIENT */;
/*!40101 SET @OLD_CHARACTER_SET_RESULTS=@@CHARACTER_SET_RESULTS */;
/*!40101 SET @OLD_COLLATION_CONNECTION=@@COLLATION_CONNECTION */;
/*!50503 SET NAMES utf8mb4 */;
/*!40103 SET @OLD_TIME_ZONE=@@TIME_ZONE */;
/*!40103 SET TIME_ZONE='+00:00' */;
/*!40014 SET @OLD_UNIQUE_CHECKS=@@UNIQUE_CHECKS, UNIQUE_CHECKS=0 */;
/*!40014 SET @OLD_FOREIGN_KEY_CHECKS=@@FOREIGN_KEY_CHECKS, FOREIGN_KEY_CHECKS=0 */;
/*!40101 SET @OLD_SQL_MODE=@@SQL_MODE, SQL_MODE='NO_AUTO_VALUE_ON_ZERO' */;
/*!40111 SET @OLD_SQL_NOTES=@@SQL_NOTES, SQL_NOTES=0 */;

--
-- Table structure for table `Images`
--

DROP TABLE IF EXISTS `Images`;
/*!40101 SET @saved_cs_client     = @@character_set_client */;
/*!50503 SET character_set_client = utf8mb4 */;
CREATE TABLE `Images` (
  `WOID` int NOT NULL,
  `NAME` varchar(1028) NOT NULL,
  KEY `Images_fk0` (`WOID`),
  CONSTRAINT `Images_fk0` FOREIGN KEY (`WOID`) REFERENCES `Words` (`WOID`)
) ENGINE=InnoDB DEFAULT CHARSET=utf8mb4 COLLATE=utf8mb4_0900_ai_ci;
/*!40101 SET character_set_client = @saved_cs_client */;

--
-- Dumping data for table `Images`
--

LOCK TABLES `Images` WRITE;
/*!40000 ALTER TABLE `Images` DISABLE KEYS */;
INSERT INTO `Images` VALUES (2,'img1'),(3,'img2'),(147,'img2'),(5,'img3'),(729,'img3'),(6,'img4'),(109,'img4'),(7,'img5'),(8,'img6'),(9,'img7'),(15,'img8'),(16,'img9'),(21,'img10'),(130,'img10'),(22,'img11'),(193,'img11'),(34,'img12'),(36,'img13'),(38,'img14'),(40,'img15'),(42,'img16'),(44,'img17'),(46,'img18'),(48,'img19'),(50,'img20'),(52,'img21'),(54,'img22'),(56,'img23'),(58,'img24'),(60,'img25'),(64,'img26'),(66,'img27'),(68,'img28'),(70,'img29'),(72,'img30'),(74,'img31'),(84,'img32'),(85,'img33'),(88,'img34'),(90,'img35'),(92,'img36'),(250,'img37'),(93,'img38'),(96,'img39'),(98,'img40'),(101,'img41'),(404,'img41'),(103,'img42'),(395,'img42'),(651,'img42'),(105,'img43'),(111,'img44'),(112,'img45'),(257,'img45'),(113,'img46'),(630,'img46'),(114,'img47'),(341,'img47'),(115,'img48'),(118,'img49'),(119,'img50'),(224,'img50'),(382,'img50'),(120,'img51'),(123,'img52'),(124,'img53'),(359,'img53'),(360,'img53'),(126,'img54'),(275,'img54'),(127,'img55'),(128,'img56'),(131,'img57'),(132,'img58'),(134,'img59'),(137,'img60'),(138,'img61'),(140,'img62'),(465,'img62'),(144,'img63'),(515,'img63'),(629,'img63'),(146,'img64'),(148,'img65'),(379,'img65'),(169,'img66'),(170,'img67'),(171,'img68'),(172,'img69'),(180,'img70'),(181,'img71'),(183,'img72'),(611,'img72'),(188,'img73'),(189,'img74'),(190,'img75'),(192,'img76'),(605,'img77'),(697,'img77'),(195,'img78'),(618,'img78'),(608,'img79'),(200,'img80'),(202,'img81'),(205,'img82'),(209,'img83'),(223,'img83'),(632,'img83'),(211,'img84'),(212,'img85'),(213,'img86'),(221,'img87'),(365,'img87'),(225,'img88'),(750,'img88'),(226,'img89'),(631,'img89'),(229,'img90'),(234,'img91'),(241,'img92'),(242,'img92'),(245,'img93'),(336,'img93'),(246,'img94'),(374,'img94'),(251,'img95'),(252,'img96'),(680,'img97'),(290,'img98'),(291,'img99'),(292,'img100'),(403,'img100'),(293,'img101'),(296,'img102'),(299,'img103'),(302,'img104'),(303,'img105'),(405,'img105'),(304,'img106'),(305,'img107'),(306,'img108'),(307,'img109'),(325,'img110'),(326,'img111'),(327,'img112'),(328,'img113'),(329,'img114'),(330,'img115'),(332,'img116'),(255,'img117'),(259,'img118'),(260,'img119'),(468,'img119'),(261,'img120'),(446,'img120'),(333,'img121'),(334,'img122'),(262,'img123'),(263,'img124'),(369,'img125'),(266,'img126'),(267,'img127'),(268,'img128'),(269,'img129'),(270,'img130'),(271,'img131'),(272,'img132'),(273,'img133'),(274,'img134'),(751,'img134'),(278,'img136'),(280,'img137'),(281,'img138'),(282,'img139'),(595,'img139'),(283,'img140'),(356,'img141'),(358,'img142'),(362,'img144'),(363,'img145'),(364,'img146'),(366,'img148'),(153,'img149'),(371,'img149'),(417,'img149'),(373,'img150'),(375,'img151'),(377,'img152'),(378,'img153'),(380,'img154'),(383,'img155'),(384,'img156'),(385,'img157'),(386,'img158'),(388,'img159'),(389,'img160'),(390,'img161'),(391,'img162'),(393,'img163'),(396,'img164'),(397,'img165'),(399,'img166'),(400,'img167'),(309,'img168'),(401,'img168'),(402,'img169'),(406,'img170'),(410,'img171'),(418,'img172'),(555,'img172'),(419,'img173'),(421,'img174'),(676,'img174'),(430,'img175'),(431,'img176'),(432,'img177'),(433,'img178'),(435,'img179'),(437,'img180'),(634,'img181'),(447,'img182'),(448,'img183'),(449,'img184'),(451,'img185'),(452,'img186'),(453,'img187'),(455,'img188'),(462,'img189'),(463,'img190'),(464,'img191'),(466,'img192'),(467,'img193'),(469,'img194'),(472,'img195'),(474,'img197'),(475,'img196'),(478,'img198'),(480,'img199'),(483,'img200'),(484,'img201'),(485,'img202'),(486,'img203'),(487,'img204'),(488,'img205'),(489,'img206'),(490,'img207'),(491,'img208'),(91,'img209'),(496,'img209'),(497,'img209'),(500,'img210'),(501,'img210'),(643,'img210'),(644,'img210'),(502,'img211'),(559,'img211'),(505,'img212'),(506,'img212'),(507,'img213'),(510,'img214'),(512,'img215'),(514,'img216'),(517,'img218'),(518,'img219'),(519,'img220'),(520,'img221'),(521,'img222'),(593,'img222'),(524,'img223'),(527,'img224'),(603,'img224'),(529,'img225'),(532,'img226'),(538,'img227'),(540,'img228'),(541,'img229'),(682,'img229'),(542,'img230'),(544,'img231'),(748,'img231'),(545,'img232'),(556,'img233'),(563,'img234'),(564,'img235'),(565,'img236'),(566,'img237'),(567,'img238'),(568,'img239'),(569,'img240'),(585,'img241'),(586,'img242'),(590,'img243'),(591,'img244'),(594,'img245'),(597,'img246'),(598,'img247'),(612,'img248'),(613,'img249'),(614,'img250'),(615,'img251'),(620,'img252'),(622,'img253'),(623,'img254'),(626,'img255'),(627,'img256'),(633,'img257'),(635,'img259'),(636,'img260'),(637,'img261'),(640,'img262'),(641,'img263'),(642,'img264'),(648,'img265'),(649,'img266'),(653,'img267'),(667,'img268'),(670,'img269'),(673,'img270'),(674,'img271'),(677,'img272'),(681,'img273'),(686,'img274'),(687,'img275'),(688,'img276'),(689,'img277'),(691,'img278'),(693,'img279'),(694,'img280'),(695,'img281'),(696,'img282'),(699,'img283'),(700,'img284'),(698,'img285'),(701,'img286'),(702,'img287'),(706,'img288'),(708,'img289'),(714,'img290'),(720,'img295'),(721,'img291'),(722,'img292'),(725,'img293'),(731,'img294'),(732,'img296'),(733,'img297'),(734,'img298'),(735,'img299');
/*!40000 ALTER TABLE `Images` ENABLE KEYS */;
UNLOCK TABLES;

--
-- Table structure for table `Lecture`
--

DROP TABLE IF EXISTS `Lecture`;
/*!40101 SET @saved_cs_client     = @@character_set_client */;
/*!50503 SET character_set_client = utf8mb4 */;
CREATE TABLE `Lecture` (
  `LEID` int NOT NULL AUTO_INCREMENT,
  `DATE` date NOT NULL,
  PRIMARY KEY (`LEID`)
) ENGINE=InnoDB AUTO_INCREMENT=12 DEFAULT CHARSET=utf8mb4 COLLATE=utf8mb4_0900_ai_ci;
/*!40101 SET character_set_client = @saved_cs_client */;

--
-- Dumping data for table `Lecture`
--

LOCK TABLES `Lecture` WRITE;
/*!40000 ALTER TABLE `Lecture` DISABLE KEYS */;
INSERT INTO `Lecture` VALUES (1,'2021-10-04'),(2,'2021-10-11'),(3,'2021-10-18'),(4,'2021-10-25'),(5,'2021-11-08'),(6,'2021-11-15'),(7,'2021-11-22'),(8,'2021-11-29'),(9,'2021-12-06'),(10,'2021-12-13'),(11,'2021-12-20');
/*!40000 ALTER TABLE `Lecture` ENABLE KEYS */;
UNLOCK TABLES;

--
-- Table structure for table `Words`
--

DROP TABLE IF EXISTS `Words`;
/*!40101 SET @saved_cs_client     = @@character_set_client */;
/*!50503 SET character_set_client = utf8mb4 */;
CREATE TABLE `Words` (
  `WOID` int NOT NULL AUTO_INCREMENT,
  `FRAN` varchar(512) NOT NULL,
  `TRAN` varchar(512) NOT NULL,
  `PERS` varchar(512) NOT NULL,
  `LEID` int NOT NULL,
  `IMAG` binary(1) NOT NULL,
  `germ` varchar(512) DEFAULT NULL,
  PRIMARY KEY (`WOID`),
  UNIQUE KEY `WOID` (`WOID`),
  KEY `Words_fk0` (`LEID`),
  CONSTRAINT `Words_fk0` FOREIGN KEY (`LEID`) REFERENCES `Lecture` (`LEID`)
) ENGINE=InnoDB AUTO_INCREMENT=976 DEFAULT CHARSET=utf8mb4 COLLATE=utf8mb4_0900_ai_ci;
/*!40101 SET character_set_client = @saved_cs_client */;

--
-- Dumping data for table `Words`
--

LOCK TABLES `Words` WRITE;
/*!40000 ALTER TABLE `Words` DISABLE KEYS */;
INSERT INTO `Words` VALUES (1,'papa','baba','بابا',1,_binary 'N','Papa'),(2,'pain','nân','نان',1,_binary 'Y','Brot'),(3,'vent','bâd','باد',1,_binary 'Y','Wind'),(4,'charge','bâr','بار',1,_binary 'N','Last'),(5,'pluie','baran','باران',1,_binary 'Y','Regen'),(6,'farine','ard','آرد',1,_binary 'Y','Mehl'),(7,'nuages','âbr','آبر',1,_binary 'Y','Wolken'),(8,'grenade','ânar','آنار',1,_binary 'Y','Granate'),(9,'porte','dar','در',1,_binary 'Y','Tür'),(10,'précieux','nâb','ناب',1,_binary 'N','wertvoll'),(11,'cri','dâd','داد',1,_binary 'N','Schrei'),(12,'justice','dâd','داد',1,_binary 'N','Gerechtigkeit'),(13,'sage','dana','دانا',1,_binary 'N','weise'),(14,'maman','maman','مامان',1,_binary 'N','Mutter'),(15,'balançoire','tâb','تاب',1,_binary 'Y','Schaukel'),(16,'crayon','medad','مداد',1,_binary 'Y','Bleistift'),(17,'aide','mâdad','مدد',1,_binary 'N','Hilfe'),(18,'loin','qârîb','غریب',1,_binary 'N','weit'),(19,'fin','payan','پایان',1,_binary 'N','Ende'),(20,'ignorant','nâdân','نادان',1,_binary 'N','unwissend'),(21,'ville','chahr','شهر',1,_binary 'Y','Stadt'),(22,'village','rousta','روستا',1,_binary 'Y','Dorf'),(23,'introduction','pesh dars','پیش درس',1,_binary 'N','Einführung'),(24,'Merci beaucoup.','Xêyli mamnoumam','خیلی ممنونم',1,_binary 'N','Ich danke Ihnen vielmals.'),(25,'monsieur','âqâ','آقا',1,_binary 'N','Herr'),(26,'madame','xânom','خانم',1,_binary 'N','Frau'),(27,'merci','montéchakéram','متشکرم',1,_binary 'N','danke'),(28,'Au revoir (que dieu te protège)','xôdâ hâfez','خدا حافظ',1,_binary 'N','Auf Wiedersehen (möge Gott dich beschützen)'),(29,'Au revoir (que dieu te protège)','xôdâ négahdâr','خدا نگهدار',1,_binary 'N','Auf Wiedersehen (möge Gott dich beschützen)'),(30,'Au revoir (je te souhaite la santé)','bé salamat','به سلامت',1,_binary 'N','Auf Wiedersehen (ich wünsche dir Gesundheit)'),(31,'Au revoir (ton serviteur)','gorbanât','قربانت',1,_binary 'N','Auf Wiedersehen (dein Diener)'),(32,'pays','kéchvar','کشور',2,_binary 'N','Land'),(33,'nationalité','mélliyât','ملیت',2,_binary 'N','Nationalität'),(34,'Inde','hend','هند',2,_binary 'Y','Indien'),(35,'indien','hendi','هندی',2,_binary 'N','indisch'),(36,'Pologne','lahéstân','لهستان',2,_binary 'Y','Polen'),(37,'polonais','lahéstâni','لهستانی',2,_binary 'N','polnisch'),(38,'Chine','tchîn','چین',2,_binary 'Y','China'),(39,'chinois','tchîni','چینی',2,_binary 'N','Chinesisch'),(40,'Corée','koré','کره',2,_binary 'Y','Korea'),(41,'coréen','koréai','کرهای',2,_binary 'N','Koreanisch'),(42,'Turquie','torkîyé','ترکیه',2,_binary 'Y','Türkei'),(43,'turc','tork','ترک',2,_binary 'N','türkisch'),(44,'Russie','roussiyé','روسیه',2,_binary 'Y','Russland'),(45,'russe','rous','روس',2,_binary 'N','Russisch'),(46,'Amérique','âmrikâ','آمریکا',2,_binary 'Y','Amerika'),(47,'américain','âmrikâyî','آمریکای',2,_binary 'N','Amerikanisch'),(48,'Malésie','mâlézi','مالزی',2,_binary 'Y','Malaysia'),(49,'malésien','mâléziayî','مالزیایی',2,_binary 'N','malaysisch'),(50,'Iraq','araq','عراق',2,_binary 'Y','Irak'),(51,'iraqien','araqî','عراقی',2,_binary 'N','irakisch'),(52,'Nigéria','nigérié','نیجریه',2,_binary 'Y','Nigeria'),(53,'nigérien','nigériyaî','نیجریایی',2,_binary 'N','nigerianisch'),(54,'Tadjikistan','tadjikistan','تاجیکستان',2,_binary 'Y','Tadschikistan'),(55,'tadjik','tâgîk','تاجیک',2,_binary 'N','tadschikisch'),(56,'Syrie','sourié','سوریه',2,_binary 'Y','Syrien'),(57,'syrien','souri','سوری',2,_binary 'N','syrisch'),(58,'Italie','itali','ایتالیا',2,_binary 'Y','Italien'),(59,'italien','italiaî','ایتالیای',2,_binary 'N','italienisch'),(60,'France','farensi','فرانسو',2,_binary 'Y','Frankreich'),(61,'français','farensaii','فرانسوی',2,_binary 'N','Französisch'),(62,'Iran','iran','ایران',2,_binary 'N','Iran'),(63,'iranien','irani','ایرانی',2,_binary 'N','iranisch'),(64,'Canada','kanada','کانادا',2,_binary 'Y','Kanada'),(65,'canadien','kanadaï','کانادایی',2,_binary 'N','kanadisch'),(66,'Ghana','ghana','غنا',2,_binary 'Y','Ghana'),(67,'ghanien','ghanaï','غنایی',2,_binary 'N','ghanaisch'),(68,'Allemagne','alman','آلمان',2,_binary 'Y','Deutschland'),(69,'allemand','almani','آلمانی',2,_binary 'N','Deutsch'),(70,'Bengladesh','bangladesh','بنگلادش',2,_binary 'Y','Bengladesh'),(71,'bengladais','bangladeshi','بنگلادشی',2,_binary 'N','Bengladisch'),(72,'Yemen','yemen','یمن',2,_binary 'Y','Jemen'),(73,'yemenite','yemeni','یمنی',2,_binary 'N','jemenitisch'),(74,'Vietnam','ouetnam','ویتنام',2,_binary 'Y','Vietnam'),(75,'vietnamien','ouetnamii','ویتنامی',2,_binary 'N','vietnamesisch'),(76,'que/quel','chi','چی',2,_binary 'N','dass/was'),(77,'est-ce que','âyâ','آیا',2,_binary 'N','ist'),(78,'ne pas','nist','نیست',2,_binary 'N','nicht'),(79,'ne suis pas','nistam','نیستم',2,_binary 'N','nicht'),(80,'oui','balé','بله',2,_binary 'N','ja'),(81,'non','na','نه',2,_binary 'N','nicht'),(82,'fatigué','xasté','خسته',2,_binary 'N','Müdigkeit'),(83,'content','xochâl','خوشحال',2,_binary 'N','content'),(84,'étudiant','dânéchjou','دانشجو',2,_binary 'Y','Student'),(85,'professeur (université)','ostâd','استاد',2,_binary 'Y','Professor (Universität)'),(86,'affamé','gorosné','گرسنه',2,_binary 'N','hungrig'),(87,'soif','téchné','تشنه',2,_binary 'N','durstig'),(88,'médecin','pézechk','پزشک',2,_binary 'Y','Arzt'),(89,'médecine','pézechki','پزشکی',2,_binary 'N','Medizin'),(90,'avocat','vakîl','وکیل',2,_binary 'Y','Anwalt'),(91,'triste','nârâhat','ناراحت',2,_binary 'Y','traurig'),(92,'classe','kâlaz','کلاس',2,_binary 'Y','Klasse'),(93,'cheval','asb','آسب',2,_binary 'Y','Pferd'),(94,'mois','dast','دست',2,_binary 'N','Monat'),(95,'moi/je','man','من',2,_binary 'N','ich/ich'),(96,'plume','par','پر',2,_binary 'Y','Feder'),(97,'masculin','nar','نر',2,_binary 'N','männlich'),(98,'panier','sabad','سبد',2,_binary 'Y','Korb'),(99,'père','pedar','پدر',2,_binary 'N','Vater'),(100,'grossier','zebr','زبر',2,_binary 'N','grob'),(101,'sucre','chékar','شکر',2,_binary 'Y','süß'),(102,'rempli','pour','پر',2,_binary 'N','gefüllt'),(103,'rouge','sorch','سرخ',2,_binary 'Y','rot'),(104,'plomb','sorb','سرب',2,_binary 'N','Blei'),(105,'radis','torob','ترب',2,_binary 'Y','Radieschen'),(106,'papa','baba','بابا',3,_binary 'N','Papa'),(107,'avec','ba','با',3,_binary 'N','mit'),(108,'ce/cet/cette','an','آن',3,_binary 'N','dieses/dieses/dieses'),(109,'farine','ard','آرد',3,_binary 'Y','Mehl'),(110,'odeur','bou','بو',3,_binary 'N','Geruch'),(111,'prune','alou','آلو',3,_binary 'Y','Pflaume'),(112,'sourcil','abrou','آبرو',3,_binary 'Y','Augenbraue'),(113,'cheveux','mou','مو',3,_binary 'Y','Haar'),(114,'livre','kétab','کتاب',3,_binary 'Y','Buch'),(115,'femme','zan','زن',3,_binary 'Y','Frau'),(116,'jeune','javan','جوان',3,_binary 'N','junge'),(117,'belle','ziba','زیبا',3,_binary 'N','schöne'),(118,'homme','mard','مرد',3,_binary 'Y','Mann'),(119,'vieux','pir','پیر',3,_binary 'Y','alt'),(120,'garçon','pésar','پسر',3,_binary 'Y','Junge'),(121,'petit','kouchak','کوچک',3,_binary 'N','klein'),(122,'papa','baba','بابا',1,_binary 'N','Papa'),(123,'pain','nân','نان',1,_binary 'Y','Brot'),(124,'vent','bâd','باد',1,_binary 'Y','Wind'),(125,'charge','bâr','بار',1,_binary 'N','Last'),(126,'pluie','baran','باران',1,_binary 'Y','Regen'),(127,'farine','ard','آرد',1,_binary 'Y','Mehl'),(128,'nuages','âbr','آبر',1,_binary 'Y','Wolken'),(129,'grenade','ânar','آنار',1,_binary 'N','Granate'),(130,'porte','dar','در',1,_binary 'Y','Tür'),(131,'précieux','nâb','ناب',1,_binary 'Y','wertvoll'),(132,'cri','dâd','داد',1,_binary 'Y','Schrei'),(133,'justice','dâd','داد',1,_binary 'N','Gerechtigkeit'),(134,'sage','dana','دانا',1,_binary 'Y','weise'),(135,'maman','maman','مامان',1,_binary 'N','Mutter'),(136,'balançoire','tâb','تاب',1,_binary 'N','Schaukel'),(137,'crayon','medad','مداد',1,_binary 'Y','Bleistift'),(138,'aide','mâdad','مدد',1,_binary 'Y','Hilfe'),(139,'loin','qârîb','غریب',1,_binary 'N','weit'),(140,'fin','payan','پایان',1,_binary 'Y','Ende'),(141,'ignorant','nâdân','نادان',1,_binary 'N','unwissend'),(142,'ville','chahr','شهر',1,_binary 'N','Stadt'),(143,'village','rousta','روستا',1,_binary 'N','Dorf'),(144,'introduction','pesh dars','پیش درس',1,_binary 'Y','Einführung'),(145,'Merci beaucoup.','Xêyli mamnoumam','خیلی ممنونم',1,_binary 'N','Ich danke Ihnen vielmals.'),(146,'monsieur','âqâ','آقا',1,_binary 'Y','Herr'),(147,'madame','xânom','خانم',1,_binary 'Y','Frau'),(148,'merci','montéchakéram','متشکرم',1,_binary 'Y','danke'),(149,'Au revoir (que dieu te protège)','xôdâ hâfez','خدا حافظ',1,_binary 'N','Auf Wiedersehen (möge Gott dich beschützen)'),(150,'Au revoir (que dieu te protège)','xôdâ négahdâr','خدا نگهدار',1,_binary 'N','Auf Wiedersehen (möge Gott dich beschützen)'),(151,'Au revoir (je te souhaite la santé)','bé salamat','به سلامت',1,_binary 'N','Auf Wiedersehen (ich wünsche dir Gesundheit)'),(152,'Au revoir (ton serviteur)','gorbanât','قربانت',1,_binary 'N','Auf Wiedersehen (dein Diener)'),(153,'pays','kéchvar','کشور',2,_binary 'Y','Land'),(154,'nationalité','mélliyât','ملیت',2,_binary 'N','Nationalität'),(155,'Inde','hend','هند',2,_binary 'N','Indien'),(156,'indien','hendi','هندی',2,_binary 'N','indisch'),(157,'Pologne','lahéstân','لهستان',2,_binary 'N','Polen'),(158,'polonais','lahéstâni','لهستانی',2,_binary 'N','polnisch'),(159,'Chine','tchîn','چین',2,_binary 'N','China'),(160,'chinois','tchîni','چینی',2,_binary 'N','Chinesisch'),(161,'Corée','koré','کره',2,_binary 'N','Korea'),(162,'coréen','koréai','کرهای',2,_binary 'N','Koreanisch'),(163,'Turquie','torkîyé','ترکیه',2,_binary 'N','Türkei'),(164,'turc','tork','ترک',2,_binary 'N','türkisch'),(165,'Russie','roussiyé','روسیه',2,_binary 'N','Russland'),(166,'russe','rous','روس',2,_binary 'N','Russisch'),(167,'Amérique','âmrikâ','آمریکا',2,_binary 'N','Amerika'),(168,'américain','âmrikâyî','آمریکای',2,_binary 'N','Amerikanisch'),(169,'Malésie','mâlézi','مالزی',2,_binary 'Y','Malaysia'),(170,'malésien','mâléziayî','مالزیایی',2,_binary 'Y','malaysisch'),(171,'Iraq','araq','عراق',2,_binary 'Y','Irak'),(172,'iraqien','araqî','عراقی',2,_binary 'Y','irakisch'),(173,'Nigéria','nigérié','نیجریه',2,_binary 'N','Nigeria'),(174,'nigérien','nigériyaî','نیجریایی',2,_binary 'N','nigerianisch'),(175,'Tadjikistan','tadjikistan','تاجیکستان',2,_binary 'N','Tadschikistan'),(176,'tadjik','tâgîk','تاجیک',2,_binary 'N','tadschikisch'),(177,'Syrie','sourié','سوریه',2,_binary 'N','Syrien'),(178,'syrien','souri','سوری',2,_binary 'N','syrisch'),(179,'Italie','itali','ایتالیا',2,_binary 'N','Italien'),(180,'italien','italiaî','ایتالیای',2,_binary 'Y','italienisch'),(181,'France','farensi','فرانسو',2,_binary 'Y','Frankreich'),(182,'français','farensaii','فرانسوی',2,_binary 'N','Französisch'),(183,'Iran','iran','ایران',2,_binary 'Y','Iran'),(184,'iranien','irani','ایرانی',2,_binary 'N','iranisch'),(185,'Canada','kanada','کانادا',2,_binary 'N','Kanada'),(186,'canadien','kanadaï','کانادایی',2,_binary 'N','kanadisch'),(187,'Ghana','ghana','غنا',2,_binary 'N','Ghana'),(188,'ghanien','ghanaï','غنایی',2,_binary 'Y','ghanaisch'),(189,'Allemagne','alman','آلمان',2,_binary 'Y','Deutschland'),(190,'allemand','almani','آلمانی',2,_binary 'Y','Deutsch'),(191,'Bengladesh','bangladesh','بنگلادش',2,_binary 'N','Bengladesh'),(192,'bengladais','bangladeshi','بنگلادشی',2,_binary 'Y','Bengladisch'),(193,'Yemen','yemen','یمن',2,_binary 'Y','Jemen'),(194,'yemenite','yemeni','یمنی',2,_binary 'N','jemenitisch'),(195,'Vietnam','ouetnam','ویتنام',2,_binary 'Y','Vietnam'),(196,'vietnamien','ouetnamii','ویتنامی',2,_binary 'N','vietnamesisch'),(197,'que/quel','chi','چی',2,_binary 'N','dass/was'),(198,'est-ce que','âyâ','آیا',2,_binary 'N','ist'),(199,'ne pas','nist','نیست',2,_binary 'N','nicht'),(200,'ne suis pas','nistam','نیستم',2,_binary 'Y','nicht'),(201,'oui','balé','بله',2,_binary 'N','ja'),(202,'non','na','نه',2,_binary 'Y','nicht'),(203,'fatigué','xasté','خسته',2,_binary 'N','Müdigkeit'),(204,'content','xochâl','خوشحال',2,_binary 'N','content'),(205,'étudiant','dânéchjou','دانشجو',2,_binary 'Y','Student'),(206,'professeur (université)','ostâd','استاد',2,_binary 'N','Professor (Universität)'),(207,'affamé','gorosné','گرسنه',2,_binary 'N','hungrig'),(208,'soif','téchné','تشنه',2,_binary 'N','durstig'),(209,'médecin','pézechk','پزشک',2,_binary 'Y','Arzt'),(210,'médecine','pézechki','پزشکی',2,_binary 'N','Medizin'),(211,'avocat','vakîl','وکیل',2,_binary 'Y','Anwalt'),(212,'triste','nârâhat','ناراحت',2,_binary 'Y','traurig'),(213,'classe','kâlaz','کلاس',2,_binary 'Y','Klasse'),(214,'cheval','asb','آسب',2,_binary 'N','Pferd'),(215,'mois','dast','دست',2,_binary 'N','Monat'),(216,'moi/je','man','من',2,_binary 'N','ich/ich'),(217,'plume','par','پر',2,_binary 'N','Feder'),(218,'masculin','nar','نر',2,_binary 'N','männlich'),(219,'panier','sabad','سبد',2,_binary 'N','Korb'),(220,'père','pedar','پدر',2,_binary 'N','Vater'),(221,'grossier','zebr','زبر',2,_binary 'Y','grob'),(222,'sucre','chékar','شکر',2,_binary 'N','süß'),(223,'rempli','pour','پر',2,_binary 'Y','gefüllt'),(224,'rouge','sorch','سرخ',2,_binary 'Y','rot'),(225,'plomb','sorb','سرب',2,_binary 'Y','Blei'),(226,'radis','torob','ترب',2,_binary 'Y','Radieschen'),(227,'papa','baba','بابا',3,_binary 'N','Papa'),(228,'avec','ba','با',3,_binary 'N','mit'),(229,'ce/cet/cette','an','آن',3,_binary 'Y','dieses/dieses/dieses'),(230,'farine','ard','آرد',3,_binary 'N','Mehl'),(231,'odeur','bou','بو',3,_binary 'N','Geruch'),(232,'prune','alou','آلو',3,_binary 'N','Pflaume'),(233,'sourcil','abrou','آبرو',3,_binary 'N','Augenbraue'),(234,'cheveux','mou','مو',3,_binary 'Y','Haar'),(235,'livre','kétab','کتاب',3,_binary 'N','Buch'),(236,'femme','zan','زن',3,_binary 'N','Frau'),(237,'jeune','javan','جوان',3,_binary 'N','junge'),(238,'belle','ziba','زیبا',3,_binary 'N','schöne'),(239,'homme','mard','مرد',3,_binary 'N','Mann'),(240,'vieux','pir','پیر',3,_binary 'N','alt'),(241,'garçon','pésar','پسر',3,_binary 'Y','Junge'),(242,'petit','kouchak','کوچک',3,_binary 'Y','klein'),(243,'calme','aram','آرام',3,_binary 'N','Ruhe'),(244,'noir','sîyâh','سیاه',3,_binary 'N','schwarz'),(245,'sac','kif','کیف',3,_binary 'Y','Tasche'),(246,'enfant','baché','بچه',3,_binary 'Y','Kind'),(247,'vêtements','lebâs','لباس',3,_binary 'N','Kleidung'),(248,'téléphone','mobile','موبایل',3,_binary 'N','Telefon'),(249,'église','kelisa','کلیسا',3,_binary 'N','Kirche'),(250,'synagogue','kanisé','کنیسه',3,_binary 'Y','Synagoge'),(251,'ville','chahr','شهر',3,_binary 'Y','Stadt'),(252,'langue','zaban','زبان',3,_binary 'Y','Sprache'),(253,'maison','xané','خانه',3,_binary 'N','Haus'),(254,'ancien','qâdimi','قدیمی',3,_binary 'N','alt'),(255,'magasin','maqâzé','مفازه',3,_binary 'Y','Geschäft'),(256,'nouveau','djadid','جدید',3,_binary 'N','neu'),(257,'court','koutâh','کوتاه',3,_binary 'Y','kurz'),(258,'bras','bazou','بازو',3,_binary 'N','Arm'),(259,'pied/jambe','pa','پا',3,_binary 'Y','Fuß/Bein'),(260,'peuple','mardom','مردم',3,_binary 'Y','Volk'),(261,'chat','gorbé','گربه',3,_binary 'Y','Katze'),(262,'chapitre','bab','باب',3,_binary 'Y','Kapitel'),(263,'mémoire','yâd','یاد',3,_binary 'Y','Gedächtnis'),(264,'secret','râz','راز',3,_binary 'N','Geheimnis'),(265,'ouvert','bâz','باز',3,_binary 'N','offen'),(266,'avide','âz','آز',3,_binary 'Y','gierig'),(267,'serpent','mâr','مار',3,_binary 'Y','Schlange'),(268,'vent','bâd','باد',3,_binary 'Y','Wind'),(269,'feu','nâr','نار',3,_binary 'Y','Feuer'),(270,'précieux','nâb','ناب',3,_binary 'Y','wertvoll'),(271,'maintenant','hâlâ','حالا',3,_binary 'Y','jetzt'),(272,'état (bien-être)','hâl','حال',3,_binary 'Y','Zustand (Wohlbefinden)'),(273,'riche','dârâ','دارا',3,_binary 'Y','reich'),(274,'tapis','farch','قرش',3,_binary 'Y','Teppich'),(275,'rayonnant','taban','تابان',3,_binary 'Y','strahlend'),(276,'libre','azad','آزاد',3,_binary 'N','frei'),(277,'harcèlement','âzâr','آزار',4,_binary 'N','Belästigung'),(278,'harceler','âzâr dâdan','آزار دادان',4,_binary 'Y','belästigen'),(279,'déni','hâchâ','حاشا',4,_binary 'N','verleugnen'),(280,'digne de confiance','râzdâr','رازدار',4,_binary 'Y','vertrauenswürdig'),(281,'nom','nâm','نام',4,_binary 'Y','Name'),(282,'haut','bâlâ','بالا',4,_binary 'Y','hoch'),(283,'ailes','bâl','بال',4,_binary 'Y','Flügel'),(284,'gorgé deau','âbdâr','آبدار',4,_binary 'N','schlammig'),(285,'ce','an','آن',4,_binary 'N','dieser'),(286,'frais/nouveau','tâzé','تازه',4,_binary 'N','frisch/neu'),(287,'lettre','nâmé','نامه',4,_binary 'N','Brief'),(288,'à','bé','به',4,_binary 'N','à'),(289,'trois','sé','سه',4,_binary 'N','drei'),(290,'vallée','darré','درّه',4,_binary 'Y','Tal'),(291,'colline','tappé','تپّه',4,_binary 'Y','Hügel'),(292,'fenêtre','panjaré','پنجره',4,_binary 'Y','Fenster'),(293,'grêle','jalé','ژاله',4,_binary 'Y','Hagel'),(294,'usé','kochné','کهنه',4,_binary 'N','abgenutzt'),(295,'semaine','havté','هفته',4,_binary 'N','Woche'),(296,'minute','darirhé','دقیقه',4,_binary 'Y','Minute'),(297,'toujours','hamiché','همیشه',4,_binary 'N','immer'),(298,'tous','hamé','همه',4,_binary 'N','alle'),(299,'dix','dah','ده',4,_binary 'Y','zehn'),(300,'soupire','âh','آه',4,_binary 'N','seufzt'),(301,'chemin','râh','راه',4,_binary 'N','Weg'),(302,'université','dâneschkâ','دانشگاه',4,_binary 'Y','Universität'),(303,'jour','rouz','روز',4,_binary 'Y','Tag'),(304,'rivière','roud ghâné','رود خانه',4,_binary 'Y','Fluss'),(305,'aujourdhui','emrouz','امروز',4,_binary 'Y','heute'),(306,'hier','dirouz','دیروز',4,_binary 'Y','gestern'),(307,'avant-hier','parirouz','پریروز',4,_binary 'Y','vorgestern'),(308,'parce-que','choun ké','چون که',4,_binary 'N','weil'),(309,'raisins','angour','آنگور',4,_binary 'Y','Trauben'),(310,'citron','limou','لیمو',4,_binary 'N','Zitrone'),(311,'tombe','gour','گور',4,_binary 'N','fällt'),(312,'loin','dour','دور',4,_binary 'N','weit'),(313,'montagne','kou','کوه',4,_binary 'N','Berg'),(314,'village','rou','رو',4,_binary 'N','Dorf'),(315,'salé','chour','شور',4,_binary 'N','schmutzig'),(316,'lumière','nour','نور',4,_binary 'N','Licht'),(317,'aveugle','kour','کور',4,_binary 'N','blind'),(318,'bien','choub','خوب',4,_binary 'N','gut'),(319,'argent (payer)','poul','پول',4,_binary 'N','Geld (bezahlen)'),(320,'réputation','abrou','آبرو',4,_binary 'N','Ruf'),(321,'oreilles','gouch','گوش',4,_binary 'N','Ohren'),(322,'neuf (chiffre)','no','نو',4,_binary 'N','neun (Zahl)'),(323,'nourriture','chorâk','حوراک',4,_binary 'N','Essen'),(324,'répétition','dobâré','دوباره',4,_binary 'N','Wiederholung'),(325,'deux','do','دو',4,_binary 'Y','zwei'),(326,'argent (métal)','nokré','نقره',4,_binary 'Y','Silber (Metall)'),(327,'pars (impératif)','boro','برو',4,_binary 'Y','pars (Imperativ)'),(328,'mari','chohar','شوهر',4,_binary 'Y','Ehemann'),(329,'puissance','tawan','توان',4,_binary 'Y','Macht'),(330,'mur','diwar','دیوار',4,_binary 'Y','Mauer'),(331,'temps (météo)','hawa','هوا',4,_binary 'N','Zeit (Wetter)'),(332,'bijoux','javaher','جواهر',4,_binary 'Y','Schmuck'),(333,'café','kahvé','قهوه',4,_binary 'Y','Kaffee'),(334,'fruit','mihvé','میوه',4,_binary 'Y','Frucht'),(335,'soeur','khrahar','خواهر',4,_binary 'N','Schwester'),(336,'vouloir','khrahastan','خواستن',4,_binary 'Y','wollen'),(337,'ce/cet(proche)','in','این',5,_binary 'N','dieser/diese(nah)'),(338,'réveillé','bidar','بیدار',5,_binary 'N','wach'),(339,'viens','bia','بیا',5,_binary 'N','komm'),(340,'quoi/quel','chi','چی',5,_binary 'N','was/welche'),(341,'qui','ki','کی',5,_binary 'Y','wer'),(342,'pomme','sib','سیب',5,_binary 'N','Apfel'),(343,'beau','ziba','زیبا',5,_binary 'N','schön'),(344,'mur','divar','دیوار',5,_binary 'N','Mauer'),(345,'vieux','pir','پیر',5,_binary 'N','alt'),(346,'sale','kasif','کثیف',5,_binary 'N','schmutzig'),(347,'blanc','sefid','سفید',5,_binary 'N','weiß'),(348,'obscurité','siahi','سیاهی',5,_binary 'N','Dunkelheit'),(349,'ce/cet(loin)','ân','آن',5,_binary 'N','ce/cet(weg)'),(350,'soir/nuit','chab','شب',5,_binary 'N','Abend/Nacht'),(351,'doucement','yavarch','یورش',5,_binary 'N','sanft'),(352,'doucement','ahesté','آهسته',5,_binary 'N','sanft'),(353,'attaque','youresch','یورش',5,_binary 'N','Angriff'),(354,'révéiller quelquun','bidar kardan','بیدار کردن',5,_binary 'N','jemanden offenbaren'),(355,'se réveiller','bidar chodan','بیدار شدن',5,_binary 'N','aufwachen'),(356,'venir','âmadan','آمدن',5,_binary 'Y','kommen'),(357,'quest-ce que cest?','ché','چیه',5,_binary 'N','was ist das?'),(358,'grand','bozorg','بزرگ',5,_binary 'Y','große'),(359,'enchanté de vous connaitre','xochvartam','خوش وقتم',5,_binary 'Y',NULL),(360,'excusez-moi','bebanchid','ببخشید',5,_binary 'Y','entschuldigen Sie bitte'),(361,'marié','moté ahel','متا هل',5,_binary 'N','verheiratet'),(362,'juste','dorost','درست',5,_binary 'Y','richtig'),(363,'faux','nodorost','نادرست',5,_binary 'Y','falsch'),(364,'célibataire','magarrad','محرد',5,_binary 'Y','Single'),(365,'paresseux','tonbal','تنبل',5,_binary 'Y','faul'),(366,'jaune','zardi','زرد',5,_binary 'Y','gelb'),(367,'neige','barf','برف',5,_binary 'N','Schnee'),(368,'mieux','choubtar','خوبتر',5,_binary 'N','besser'),(369,'mauvais','bad','بد',5,_binary 'Y','schlecht'),(370,'pire','badtar','بدتر',5,_binary 'N','schlimmste'),(371,'main','dast','دست',5,_binary 'Y','Hand'),(372,'bracelet','dastband','دستبند',5,_binary 'N','Armband'),(373,'lire/chanter','khandan','خواندن',5,_binary 'Y','lesen/singen'),(374,'aider','komak kardom','کمک کردن',5,_binary 'Y','helfen'),(375,'humain','adam','آدم',5,_binary 'Y','Mensch'),(376,'table','miz','میز',5,_binary 'N','Tisch'),(377,'dedans','tou','تو',5,_binary 'Y','innen'),(378,'sourcil','abrou','ابرو',5,_binary 'Y','Augenbraue'),(379,'réputation','abérou','آبرو',5,_binary 'Y','Ruf'),(380,'chaise','sandali','صندلی',5,_binary 'Y','Stuhl'),(381,'chien','sag','سگ',5,_binary 'N','Hund'),(382,'arbre','deraht','درخت',5,_binary 'Y','Baum'),(383,'fleur','gol','گل',5,_binary 'Y','Blume'),(384,'roue','chahr','چرخ',5,_binary 'Y','Rad'),(385,'proche','nasdik','نزدیک',5,_binary 'Y','in der Nähe'),(386,'sous','zir','زیر',5,_binary 'Y','unter'),(387,'ordinateur','komputer','کامپیوتر',5,_binary 'N','Computer'),(388,'cinéma','cinema','سینما',5,_binary 'Y','Kino'),(389,'pistache','peste','پسته',5,_binary 'Y','Pistazie'),(390,'sandales','dampaii','دمپایی',5,_binary 'Y','Sandalen'),(391,'larme','achk','اشک',5,_binary 'Y','Träne'),(392,'fille','dochtar','دحتر',5,_binary 'N','Mädchen'),(393,'rue','xiaban','خیابان',5,_binary 'Y','Straße'),(394,'boisson','nouchidani','نوشیدنی',5,_binary 'N','Getränk'),(395,'repas','raza','غزا',5,_binary 'Y','Mahlzeit'),(396,'vêtement','lebas','لباس',5,_binary 'Y','Kleidungsstück'),(397,'délicieux','xochmazé','خوشمزه',5,_binary 'Y','köstlich'),(398,'étroit','tang','تنگ',5,_binary 'N','schmal'),(399,'froid','sard','سرد',5,_binary 'Y','kalt'),(400,'propre','tamiz','تمیز',5,_binary 'Y','sauber'),(401,'chaud','garm','گرم',5,_binary 'Y','warm'),(402,'vélo','do chahr','',5,_binary 'Y','Fahrrad'),(403,'oiseau','parande','پرنده',5,_binary 'Y','Vogel'),(404,'chameau','chotor','شتر',5,_binary 'Y','Kamel'),(405,'directeur','modir','مدیر',6,_binary 'Y','Manager'),(406,'commercial','tejani','تجاری',6,_binary 'Y','kommerziell'),(407,'inspecteur','bazras','بازرس',6,_binary 'N','Inspektor'),(408,'impôts','maliati','مالیاتی',6,_binary 'N','Steuern'),(409,'géomètre','nache bandar','نقشه بردار',6,_binary 'N','Landvermesser'),(410,'expert','korchenas','کارشناس',6,_binary 'Y','Experte'),(411,'guide','rahnama','راهنما',6,_binary 'N','Fremdenführer'),(412,'musée','mousé','موزه',6,_binary 'N','Museum'),(413,'infirmière','parastar','پرستار',6,_binary 'N','Krankenschwester'),(414,'ingénieur','mohandes','مهندس',6,_binary 'N','Ingenieur'),(415,'civil','chahr sazi','شهر سازی',6,_binary 'N','Zivilist'),(416,'métier','choql','شقل',6,_binary 'N','Beruf'),(417,'art','honar','هنر',6,_binary 'Y','Kunst'),(418,'pensionné','baz néchasté','باز نشسته',6,_binary 'Y','Rentner'),(419,'fonctionnaire','karmand','کارمند',6,_binary 'Y','Beamter'),(420,'programmeur','barnamériz','برنامهریز',6,_binary 'N','Programmierer'),(421,'traducteur','motargem','مترحم',6,_binary 'Y','Übersetzer'),(422,'époux','hamsar','همسر',6,_binary 'N','Ehemann'),(423,'bibliothéquaire','kétabdâr','کتاب دار',6,_binary 'N','Bibliothekar'),(424,'peintre','naghash','نقّاش',6,_binary 'N','Maler'),(425,'enseignant','mohalem','معلّم',6,_binary 'N','Lehrer'),(426,'coiffeur','arayeschgour','آرایشگر',6,_binary 'N','Friseur'),(427,'facteur','postchi','پست چی',6,_binary 'N','Briefträger'),(428,'police','polis','پلیس',6,_binary 'N','Polizei'),(429,'cuisinier','âchpaz','آشپز',6,_binary 'N','Koch'),(430,'couturier','chaiat','خیاط',6,_binary 'Y','Schneiderin'),(431,'chauffeur','rananda','راننده',6,_binary 'Y','Fahrer'),(432,'pilote','xalaban','خلبان',6,_binary 'Y','Pilot'),(433,'intéressant','ché jaleb','چو جالب',6,_binary 'Y','interessant'),(434,'pompier','atach nechan','آتش نشان',6,_binary 'N','Feuerwehrmann'),(435,'chimiste','chimidan','شیمی دان',6,_binary 'Y','Chemiker'),(436,'astronaute','faza navard','فغا نورد',6,_binary 'N','Astronaut'),(437,'politicien','sia satmadar','سیا ستمدار',6,_binary 'Y','Politiker'),(438,'politique','siasat','سیاست',6,_binary 'N','Politiker'),(439,'vétérinaire','dam pezechk','دامپزشک',6,_binary 'N','Tierarzt'),(440,'animaux','keyvan','حیوان',6,_binary 'N','Tiere'),(441,'acteur','pazigar','پازگر',6,_binary 'N','Schauspieler'),(442,'bourgemestre','chahrdar','شهردار',6,_binary 'N','Bürgermeister'),(443,'foutballeur','footballiste','قوتبالیست',6,_binary 'N','Faulpelz'),(444,'pyschologue','ravan chenas','روانشناس',6,_binary 'N','Pyschologe'),(445,'psychiatre','ravan pezechk','روانپزشک',6,_binary 'N','Psychiater'),(446,'agriculteur','kechavaraz','کشاورز',6,_binary 'Y','Landwirt'),(447,'musicien','navazande','نوازنده',6,_binary 'Y','Musiker'),(448,'dent','dandan','دندان',6,_binary 'Y','Zahn'),(449,'dentiste','dandan pezechk','دندان پزشک',6,_binary 'Y','Zahnarzt'),(450,'capitaine de bâteaux','nachada','ناخدا',6,_binary 'N','Schiffskapitän'),(451,'bâteau','kechti','کشتی',6,_binary 'Y','Schiff'),(452,'profession','chékaré','چه کاره',6,_binary 'Y','Beruf'),(453,'boulanger','nânva','نانوا',6,_binary 'Y','Bäcker'),(454,'yeux','chechm','چشم',6,_binary 'N','Augen'),(455,'ophtalmologue','chechm pezechk','چشم پزشک',6,_binary 'Y','Augenarzt'),(456,'yaourt','mast','ماست',7,_binary 'N','Joghurt'),(457,'jaune','zard','زرد',7,_binary 'N','gelb'),(458,'lettre','namé','نامه',7,_binary 'N','Brief'),(459,'bureau','edoré','اداره',7,_binary 'N','Büro'),(460,'banque','bank','بانک',7,_binary 'N','bank'),(461,'sel','namak','نمک',7,_binary 'N','Salz'),(462,'livre','ketab','کتاب',7,_binary 'Y','Buch'),(463,'temps(heure)','zamân','زمان',7,_binary 'Y','Zeit(Stunde)'),(464,'secret','râz','راز',7,_binary 'Y','Geheimnis'),(465,'soldat','sarbâz','سرباز',7,_binary 'Y','Soldat'),(466,'frontière','marz','مرز',7,_binary 'Y','Grenze'),(467,'fièvre','tab','تب',7,_binary 'Y','Fieber'),(468,'hache','tabar','تبر',7,_binary 'Y','Axt'),(469,'pire','badtar','بدتر',7,_binary 'Y','schlimmste'),(470,'vert','sabz','سبز',7,_binary 'N','grün'),(471,'sourd','kar','کر',7,_binary 'N','taub'),(472,'mal entendant','na chenava','نا شنوا',7,_binary 'Y','schlecht hörend'),(473,'travail','kâr','کار',7,_binary 'N','Arbeit'),(474,'aveugle','kour','کور',7,_binary 'Y','blind'),(475,'mal voyant','na bina','نا بینا',7,_binary 'Y','schlecht sehen'),(476,'goût','mazé','مزه',7,_binary 'N','Geschmack'),(477,'beurre','koré','کره',7,_binary 'N','Butter'),(478,'appel','neda','ندا',7,_binary 'Y','Anruf'),(479,'crème','kerem','کرم',7,_binary 'N','Sahne'),(480,'sac','kif','کیف',7,_binary 'Y','Tasche'),(481,'sac','sac','ساک',7,_binary 'N','Tasche'),(482,'employé','kârmand','کارمند',7,_binary 'N','Angestellter'),(483,'yasmin','yâs','یاس',7,_binary 'Y','yasmin'),(484,'mer','dariâ','دریا',7,_binary 'Y','Meer'),(485,'paille','nei','نی',7,_binary 'Y','Stroh'),(486,'pomme','sib','سیب',7,_binary 'Y','Apfel'),(487,'plateau','sini','سینی',7,_binary 'Y','Plateau'),(488,'proche','nasdik','نزدیک',7,_binary 'Y','in der Nähe'),(489,'sous','zir','زیر',7,_binary 'Y','unter'),(490,'ail','sir','سیر',7,_binary 'Y','Knoblauch'),(491,'sur','rou','رو',7,_binary 'Y','auf'),(492,'tapis','farch','فرش',7,_binary 'N','Teppich'),(493,'les proches','nasdikam','نزدیکم',7,_binary 'N','die Angehörigen'),(494,'cahier','daftar','دفتر',7,_binary 'N','Heft'),(495,'neige','barf','برف',7,_binary 'N','Schnee'),(496,'féé','pari','پری',7,_binary 'Y','Fee'),(497,'demain','farda','فردا',7,_binary 'Y','morgen'),(498,'fromage','panir','پنیر',7,_binary 'N','Käse'),(499,'message','payâm','پیام',7,_binary 'N','Nachricht'),(500,'feu','âtach','آتش',7,_binary 'Y','Feuer'),(501,'nuit','chab','شب',7,_binary 'Y','Nacht'),(502,'cette nuit','emchab','امشب',7,_binary 'Y','heute Nacht'),(503,'vieux','pir','پیر',7,_binary 'N','alt'),(504,'chaussures','kafech','کفش',7,_binary 'N','Schuhe'),(505,'briquet','fandaq','فندک',7,_binary 'Y','Feuerzeug'),(506,'canard','ardak','اردک',7,_binary 'Y','Ente'),(507,'chèvre','boz','بز',7,_binary 'Y','Ziege'),(508,'docteur','doktor','دکتر',7,_binary 'N','Doktor'),(509,'cuillière','qâchaq','قاشق',7,_binary 'N','Löffel'),(510,'assiètte','bochqâb','بشقاب',7,_binary 'Y','assiètte'),(511,'chambre','otâq','آتاق',7,_binary 'N','Zimmer'),(512,'sucre en cube','qand','قند',7,_binary 'Y','Würfelzucker'),(513,'ancien','qadimi','قدیمی',7,_binary 'N','alt'),(514,'derrière/dos','pocht','پشت',7,_binary 'Y','hinter/rücks'),(515,'Orient/Est','charq','شرق',7,_binary 'Y','Orient/Ost'),(516,'rouge','qermez','قرمز',7,_binary 'N','rot'),(517,'gomme','pâkkon','پاککن',7,_binary 'Y','Gummi'),(518,'barque','qâiq','قایق',7,_binary 'Y','Boot'),(519,'traduction','tarjomé','ترجمه',8,_binary 'Y','Übersetzung'),(520,'marchant','tâjir','تاجر',8,_binary 'Y','Händler'),(521,'femme au foyer','xanedar','خانه دار',8,_binary 'Y','Hausfrau'),(522,'couturier','xiayat','خیاط',8,_binary 'N','Schneiderin'),(523,'gardien','pesdar','پاسدار',8,_binary 'N','Wächter'),(524,'infirmière','parastar','پرستار',8,_binary 'Y','Krankenschwester'),(525,'exemple','nemoune','نمونه',8,_binary 'N','Beispiel'),(526,'peintre','naqash','نقاش',8,_binary 'N','Maler'),(527,'dessinateur','tarâh','طراح',8,_binary 'Y','Zeichner'),(528,'métier avocat','vakilat','وکالت',8,_binary 'N','Beruf Rechtsanwalt'),(529,'droit','haqouq','حقوق',8,_binary 'Y','Recht'),(530,'la loi','qânoun','قانون',8,_binary 'N','das Gesetz'),(531,'Belgique','belgiq','بلژیک',8,_binary 'N','Belgien'),(532,'irlandais','irlandi','ایرلندی',8,_binary 'Y','irisch'),(533,'libanai','libani','لبنانی',8,_binary 'N','libanai'),(534,'mexiquain','mexiqi','مکزیکی',8,_binary 'N','mexikanisch'),(535,'facile','asan','آسان',8,_binary 'N','leicht'),(536,'difficile','sacht','سخت',8,_binary 'N','schwierig'),(537,'un peu','yek kam','یک کم',8,_binary 'N','ein wenig'),(538,'tapis','gâli','قالی',8,_binary 'Y','Teppich'),(539,'bureau de travail','daftar e kar','دفتر کار',8,_binary 'N','Arbeitszimmer'),(540,'cascade','âbchâr','آبشار',8,_binary 'Y','Wasserfall'),(541,'après demain','pasfarda','پس فردا',8,_binary 'Y','übermorgen'),(542,'soleil','aftab','آقتاب',8,_binary 'Y','Sonne'),(543,'ensoleillé','aftabi','آفتابی',8,_binary 'N','sonnig'),(544,'samedi','chanbé','شنبه',8,_binary 'Y','Samstag'),(545,'dimanche','yek chanbé','یک شنبه',8,_binary 'Y','Sonntag'),(546,'lundi','do chanbé','دو شنبه',8,_binary 'N','Montag'),(547,'mardi','se chanbé','سه شنبه',8,_binary 'N','Dienstag'),(548,'mercredi','chahar chanbé','چهار شنبه',8,_binary 'N','Mittwoch'),(549,'jeudi','panj chanbé','پنج شنبه',8,_binary 'N','Donnerstag'),(550,'vendredi','jomé','جمعه',8,_binary 'N','Freitag'),(551,'fourchette','changal','چنگال',8,_binary 'N','Gabel'),(552,'couteau','chagou','چاقو',8,_binary 'N','Messer'),(553,'verre','livan','لیوان',8,_binary 'N','Glas'),(554,'tasse','fenjan','فنحان',8,_binary 'N','Tasse'),(555,'douleur','dard','درد',8,_binary 'Y','Schmerz'),(556,'tête','sar','سر',8,_binary 'Y','Kopf'),(557,'dos','kamar','کمر',8,_binary 'N','Rücken'),(558,'ventre','chekom','شکم',8,_binary 'N','Bauch'),(559,'Ouest','qarb','غرب',8,_binary 'Y','Westen'),(560,'acide','torch','ترش',8,_binary 'N','Säure'),(561,'sucré','chirin','شرین',8,_binary 'N','süß'),(562,'amer','talch','تلش',8,_binary 'N','bitter'),(563,'robe/chemise','pirahan','پیراهن',8,_binary 'Y','Kleid/Hemd'),(564,'bureau','miz e kar','میز کار',8,_binary 'Y','Büro'),(565,'travail','kar','کار',8,_binary 'Y','Arbeit'),(566,'voisins','hamsâjé','همسایه',8,_binary 'Y','Nachbarn'),(567,'arbre','deracht','درخت',8,_binary 'Y','Baum'),(568,'glaçons','iach','یخ',8,_binary 'Y','Eiswürfel'),(569,'tableau/planche en bois','tahrté','تخته',8,_binary 'Y','Holzbrett/-tafel'),(570,'comcombre','hiar','خیار',8,_binary 'N','Gurke'),(571,'fatigue','hasté','خسته',8,_binary 'N','Müdigkeit'),(572,'pâte (pain)','hamir','خمیر',8,_binary 'N','Teig (Brot)'),(573,'crème (fraîche)','hamé','خامه',8,_binary 'N','Sahne (frisch)'),(574,'abimé/détruit','harâb','سخت',8,_binary 'N','beschädigt/zerstört'),(575,'échec','bâht','باخت',8,_binary 'N','gescheitert'),(576,'corne/bois de cerf','châh','شاخ',8,_binary 'N','Hirschhorn/-geweih'),(577,'dieu','xoda','خدا',8,_binary 'N','Gott'),(578,'cuit','pahté','پخته',8,_binary 'N','gekocht'),(579,'cuire','pahtan','پختن',8,_binary 'N','kochen'),(580,'capitale','paitaht','پایتخت',8,_binary 'N','Hauptstadt'),(581,'construit','sâht','ساخت',8,_binary 'N','baut'),(582,'construire','sâhtan','ساختن',8,_binary 'N','bauen'),(583,'parapluie','chatr','چتر',8,_binary 'N','Regenschirm'),(584,'valise','chamedan','چمدان',8,_binary 'N','Koffer'),(585,'cruche','parch','پارچ',8,_binary 'Y','Krug'),(586,'chat','gorbé','گربه',8,_binary 'Y','Katze'),(587,'mouche','magas','مگس',8,_binary 'N','Fliege'),(588,'souris','mouch','موش',8,_binary 'N','Maus'),(589,'chien','sag','سگ',8,_binary 'N','Hund'),(590,'sonette','zeng','زنگ',8,_binary 'Y','Sonette'),(591,'promenade','gardesh','گردش',8,_binary 'Y','Spaziergang'),(592,'oeuil','chechm','چشم',8,_binary 'N','Ei'),(593,'cou','gardan','گردن',8,_binary 'Y','Hals'),(594,'gaz','gaz','‍‍‍‍‍‍گاز',8,_binary 'Y','Gas'),(595,'gauche','tchap','چپ',8,_binary 'Y','links'),(596,'droite','râst','راست',8,_binary 'N','rechts'),(597,'malain','zarang','زرنگ',8,_binary 'Y','malain'),(598,'imprimé','tchâp','چاپ',8,_binary 'Y','bedruckt'),(599,'boucle','sagak','سگک',8,_binary 'N','Schleife'),(600,'mort','marg','مرگ',8,_binary 'N','Tod'),(601,'gazon','tchaman','چمن',8,_binary 'N','Rasen'),(602,'gros','châq','چاق',8,_binary 'N','dick'),(603,'mince','lahar','لاغر',8,_binary 'Y','dünn'),(604,'chèque','chek','چک',8,_binary 'N','Scheck'),(605,'pierre','sang','سنگ',8,_binary 'Y','Stein'),(606,'tissus','pârché','پارچه',8,_binary 'N','Stoffe'),(607,'poignet','moch','مچ',8,_binary 'N','Handgelenk'),(608,'lune','mâh','ماه',8,_binary 'Y','Mond'),(609,'brouillard','meh','مه',8,_binary 'N','Nebel'),(610,'mosqué','masjed','مسجد',8,_binary 'N','Moschee'),(611,'courronne','tadj','تاج',8,_binary 'Y','Krone'),(612,'riz','berang','برنج',8,_binary 'Y','Reis'),(613,'question','soal','سوال',8,_binary 'Y','Frage'),(614,'question','parsech','پرسش',8,_binary 'Y','Frage'),(615,'réponse','javâb','جواب',8,_binary 'Y','Antwort'),(616,'réponse','pasoch','پاسخ',8,_binary 'N','Antwort'),(617,'triste','narahat','ناراحت',8,_binary 'N','traurig'),(618,'triste','romgin','خمگین',8,_binary 'Y','traurig'),(619,'aucun','hist','هیچ',8,_binary 'N','keine'),(620,'je pense que','fekr mi konam ke','فکر می کنم که',8,_binary 'Y','ich denke'),(621,'malade','mariz','مریص',8,_binary 'N','krank'),(622,'malade','bimar','بیمار',8,_binary 'Y','krank'),(623,'hopital','bimarestan','بیمارستان',8,_binary 'Y','Krankenhaus'),(624,'parce-que','tchoun ke','شون که',8,_binary 'N','weil'),(625,'combien','chand','شند',8,_binary 'N','wie viele'),(626,'fermé','tahtil','تعصیل',8,_binary 'Y','geschlossen'),(627,'fermé','baste','بسته',8,_binary 'Y','geschlossen'),(628,'vacances','tahtilat','تعصیلات',8,_binary 'N','Urlaub'),(629,'voyageur','mosafer','مسافر',8,_binary 'Y','Reisender'),(630,'mois','ama','اّمّا',8,_binary 'Y','Monat'),(631,'chercheur','pajouhesgar','پژوهشگر',8,_binary 'Y','Forscher'),(632,'la recherche','pajouhesch','پژوش',8,_binary 'Y','die Forschung'),(633,'le sportif','varzechkâr','ورزشکار',8,_binary 'Y','der Sportler'),(634,'sport','varzechk','ورزشک',8,_binary 'Y','Sport'),(635,'couple','zodj','زوج',8,_binary 'Y','Paar'),(636,'ouvert','baz','باز',8,_binary 'Y','offen'),(637,'aussi','ham','هم',8,_binary 'Y','auch'),(638,'mariage','ezdewaj','ازدواج',8,_binary 'N','Ehe'),(639,'collègue','hamkar','همکار',8,_binary 'N','Kollege'),(640,'grève','etesab','احتصاب',9,_binary 'Y','Streik'),(641,'rose','gol e ros','گل روز',9,_binary 'Y','Rose'),(642,'autoroute','autobân','اوتوبان',9,_binary 'Y','Autobahn'),(643,'calme','aram','آرام',9,_binary 'Y','Ruhe'),(644,'ici','inja','اینجا',9,_binary 'Y','hier'),(645,'rire','chande','خنده',9,_binary 'N','lachen'),(646,'glaçon','iach','یخ',9,_binary 'N','Eiswürfel'),(647,'gentilesse','mehrabani','مهربانی',9,_binary 'N','Freundlichkeit'),(648,'monde','halam','عالم',9,_binary 'Y','Welt'),(649,'repas du soir','cham','شام',9,_binary 'Y','Abendmahlzeit'),(650,'écouter','gouch dadan','گوش دادن',9,_binary 'N','zuhören'),(651,'tard','dir','دیر',9,_binary 'Y','spät'),(652,'proche','nasdiq','نزدیک',9,_binary 'N','in der Nähe'),(653,'pharmacie','darou xané','دارو خانه',9,_binary 'Y','Apotheke'),(654,'maintenant','alan','الان',9,_binary 'N','jetzt'),(655,'habitant','sâkan','ساکن',9,_binary 'N','Einwohner'),(656,'employé entreprise','karmand yek charkat','کارمند یک شرکت',9,_binary 'N','Angestellter Unternehmen'),(657,'mais','vali','ولی',9,_binary 'N','aber'),(658,'embassade','sefarat','سغارت',9,_binary 'N','Botschaft'),(659,'actrice','honarpiché','هنر پیشه',9,_binary 'N','Schauspielerin'),(660,'pourquoi','chara','چرا',9,_binary 'N','warum'),(661,'vite','zoud','زود',9,_binary 'N','schnell'),(662,'dormir','khabidan','خوابیدن',9,_binary 'N','schlafen'),(663,'laver les mains','dast chastan','دست شستن',9,_binary 'N','Hände waschen'),(664,'court','xiatat','حیاص',9,_binary 'N','kurz'),(665,'jardin','bacht','باغ',9,_binary 'N','Garten'),(666,'poumon','choch','شش',9,_binary 'N','Lunge'),(667,'année','sal','سال',9,_binary 'Y','Jahr'),(668,'cette année','emsal','امسال',9,_binary 'N','dieses Jahr'),(669,'année passée','parsal','پارسال',9,_binary 'N','vergangenes Jahr'),(670,'année prochaine','sal ayande','سال آینده',9,_binary 'Y','nächstes Jahr'),(671,'demande','be pars','بپرس',9,_binary 'N','fragt'),(672,'exemple','nemoune','نمونه',9,_binary 'N','Beispiel'),(673,'à moi','male man','مال من',9,_binary 'Y','an mich'),(674,'à toi','male to','مال تو',9,_binary 'Y','an dich'),(675,'lieu de travail','mahalle kar','محل کار',9,_binary 'N','Arbeitsort'),(676,'bureau de travail','daftare kar','دفتر کار',9,_binary 'Y','Arbeitszimmer'),(677,'parque','park','پارک',9,_binary 'Y','parque'),(678,'lieu','mahal','محل',9,_binary 'N','Ort'),(679,'quartier','mahalle','محله',9,_binary 'N','Nachbarschaft'),(680,'hôpital','bimaristân','بیمارستان',9,_binary 'Y','Krankenhaus'),(681,'trop curieux','fozoul','فضول',9,_binary 'Y','zu neugierig'),(682,'curieux','konchkab','کنجکاب',9,_binary 'Y','neugierig'),(683,'comment','cetor','چصور',9,_binary 'N','wie'),(684,'cuisine','achpaz xané','آشپز خانه',9,_binary 'N','Küche'),(685,'bibliothèque','ketab xané','کتاب خانه',9,_binary 'N','Bibliothek'),(686,'salle de lecture','otaq motalhe','اتاق مصالعه',9,_binary 'Y','Lesezimmer'),(687,'chambre à coucher','otaq chab','اتاق خواب',9,_binary 'Y','Schlafzimmer'),(688,'salle de bain','hammam','حمّام',9,_binary 'Y','Badezimmer'),(689,'toilettes','dast chouii','دستشویی',9,_binary 'Y','Toilette'),(690,'salon','salon','سالن',9,_binary 'N','Wohnzimmer'),(691,'mais','âmmâ','آمّا',9,_binary 'Y','aber'),(692,'j ai','man daram','من دارم',9,_binary 'N','ich habe'),(693,'tu as','to dari','تو داری',9,_binary 'Y','du hast'),(694,'il/elle a','ou darad','او دارد',9,_binary 'Y','er/sie/es hat'),(695,'nous avons','ma darim','ما داریم',9,_binary 'Y','wir haben'),(696,'vous avez','choma darid','شما دارید',9,_binary 'Y','ihr habt'),(697,'ils ont','ânhâ darand','آنها دارند',9,_binary 'Y','sie haben'),(698,'quel âge as-tu?','to chand sal dari?','تو چند سال داری؟',9,_binary 'Y','wie alt bist du?'),(699,'quel âge as-tu','to chand salat ast?','تو چند سالت است؟',9,_binary 'Y','wie alt bist du'),(700,'mon livre','ketabam','کتابم',9,_binary 'Y','mein Buch'),(701,'ton livre','ketabat','کتابت',9,_binary 'Y','dein Buch'),(702,'son livre','ketabach','کتابش',9,_binary 'Y','sein Buch'),(703,'notre livre','ketabeman','کتابمان',9,_binary 'N','unser Buch'),(704,'votre livre','ketabetan','کتابتان',9,_binary 'N','euer Buch'),(705,'leur livre','ketabechan','کتابشان',9,_binary 'N','ihr Buch'),(706,'parking','parking','پارکینگ',9,_binary 'Y','Parkplatz'),(707,'dortoir','khabgah','خوابگاخه',9,_binary 'N','Schlafsaal'),(708,'loin','dour','دور',9,_binary 'Y','weit'),(709,'camarade de klasse','hamkelas','هم کلاس',9,_binary 'N','klasse genosse'),(710,'c est juste','dariran','درایران',9,_binary 'N','es ist nur'),(711,'pot de fleurs','goldân','گلدان',9,_binary 'N','Blumentopf'),(712,'chemin/route','râh','راه',9,_binary 'N','Weg/Straße'),(713,'lune/mois','mâh','ماه',9,_binary 'N','Mond/Monat'),(714,'autoroute','bozorg râh','بزرگ راه',9,_binary 'Y','Autobahn'),(715,'tombe/cimetière','âramgâh','آرامگاه',9,_binary 'N','Grab/Friedhof'),(716,'oiseau','parande','پرنده',9,_binary 'N','Vogel'),(717,'chant oiseau','chah chah','چه چه',9,_binary 'N','Vogelgesang'),(718,'sourire','labjand','لبخند',9,_binary 'N','Lächeln'),(719,'frigo','iachchal','یخچال',9,_binary 'N','Kühlschrank'),(720,'paradis','behecht','بحشت',9,_binary 'Y','Paradies'),(721,'gentil','mehraban','مهربان',9,_binary 'Y','nett'),(722,'large','pahn','پهن',9,_binary 'Y','breit'),(723,'magasine','maghalle','مجله',9,_binary 'N','Magazin'),(724,'monde','jehan','جهان',9,_binary 'N','Welt'),(725,'clair de lune','mahtab','مهتاب',9,_binary 'Y','Mondlicht'),(726,'visage','chechr','چهره',9,_binary 'N','Gesicht'),(727,'là','anja','آنجا',9,_binary 'N','dort'),(728,'repas du midi','nahar','ناهار',9,_binary 'N','Mittagsmahlzeit'),(729,'argent','poul','پول',9,_binary 'Y','Geld'),(730,'bénéfice','soud','سود',9,_binary 'N','Gewinn'),(731,'salé','chour','شور',9,_binary 'Y','schmutzig'),(732,'rivière','roud','رود',9,_binary 'Y','Fluss'),(733,'Ouganda','ouganda','اوگاندا',9,_binary 'Y','Uganda'),(734,'oreille','gouch','گوش',9,_binary 'Y','Ohr'),(735,'théillière','gouri','قوری',9,_binary 'Y','Teekanne'),(736,'four','tanour','تنور',9,_binary 'N','Ofen'),(737,'manque','kamboud','کمبود',9,_binary 'N','Mangel'),(738,'tôt','zoud','زود',9,_binary 'N','früh'),(739,'lumière','nour','نور',9,_binary 'N','Licht'),(740,'loin','dour','دور',9,_binary 'N','weit'),(741,'couverture','patou','پتو',9,_binary 'N','Decke'),(742,'odeur','bou','بو',9,_binary 'N','Geruch'),(743,'médicament','dârou','دارو',9,_binary 'N','Medikament'),(744,'aiguille','souzan','سوزن',9,_binary 'N','Nadel'),(745,'brûlant','souzân','سوزان',9,_binary 'N','brennend'),(746,'vache','gou','گاو',9,_binary 'N','Kuh'),(747,'bain','van','وان',9,_binary 'N','Bad'),(748,'film','film','فیلم',10,_binary 'Y','Film'),(749,'intéressant','jaleb','خالب',10,_binary 'N','interessant'),(750,'ouvert','baz','باز',10,_binary 'Y','offen'),(751,'cheveux','moui','موی',10,_binary 'Y','Haar'),(752,'blanc','sefid','سفید',10,_binary 'N','weiß'),(753,'temps (météo)','hawa','هوا',10,_binary 'N','Zeit (Wetter)'),(754,'voisin','hamsajé','همسایه',10,_binary 'N','Nachbar'),(755,'robe','pirahan','پیراحن',10,_binary 'N','Kleid'),(756,'librairie','ketabfarouchi','کتابفروشی',10,_binary 'N','Buchhandlung'),(757,'heure','sahat','ساحت',10,_binary 'N','Uhrzeit'),(758,'élève','chagerd','شاگرد',10,_binary 'N','Schüler'),(759,'collocataires','hamxane','همخانه',10,_binary 'N','Mitbewohner'),(760,'lever','xastan','خاستن',10,_binary 'N','aufstehen'),(761,'gris','xakestari','خاکستری',10,_binary 'N','grau'),(762,'cendres','xakestar','خاکستر',10,_binary 'N','Asche'),(763,'réalisateur','kargardan','کارگردان',10,_binary 'N','Regisseur'),(764,'malade','bimar','بیمار',10,_binary 'N','krank'),(765,'malade','mariz','مریض',10,_binary 'N','krank'),(766,'psychologue','ravan chenas','روانشناس',10,_binary 'N','Psychologe'),(767,'psychiatre','ravan pezechk','روانپز',10,_binary 'N','Psychiater'),(768,'parce-que','zira','زیرا',10,_binary 'N','weil'),(769,'miroir','ayene','آینه',10,_binary 'N','Spiegel'),(770,'stylo','khodkar','خودکار',10,_binary 'N','Stift'),(771,'à qui','malé kist','مال کیست',10,_binary 'N','an wen'),(772,'rouge','qermez','قرمز',10,_binary 'N','rot'),(773,'célèbre','mahrouf','معروف',10,_binary 'N','berühmt'),(774,'famille','xanevarde','خانواده',10,_binary 'N','Familie'),(775,'vivre','zendeh','زنده',10,_binary 'N','leben'),(776,'aimer','doust dachtan','دوست داشتن',10,_binary 'N','lieben'),(777,'aucun','hitch','هیچ',10,_binary 'N','keine'),(778,'tu dis la vérité','rast migoui','رست میگویی',10,_binary 'N','du sagst die Wahrheit'),(779,'pourquoi','chera','چرا',10,_binary 'N','warum'),(780,'qui','chi/che','چی',10,_binary 'N','wer'),(781,'comment','cetor','چطور',10,_binary 'N','wie'),(782,'combien (non dénombrable)','chekadr','چقدر',10,_binary 'N','wie viele (nicht zählbar)'),(783,'combien (dénombrable)','chand','چند',10,_binary 'N','wie viel (zählbar)'),(784,'quand','kei','کی',10,_binary 'N','wann'),(785,'qui','ki','کی',10,_binary 'N','wer'),(786,'où','kodja','کجا',10,_binary 'N','wo'),(787,'quel','kodam','کدام',10,_binary 'N','welcher'),(788,'vaccin','vaccin','واکسن',10,_binary 'N','Impfstoff'),(789,'psy','ravan','روان',10,_binary 'N','Psychiater'),(790,'vache','gav','گاو',10,_binary 'N','Kuh'),(791,'bâteau de guerre','nav','ناو',10,_binary 'N','Kriegsschiff'),(792,'boulanger','nânva','نانوا',10,_binary 'N','Bäcker'),(793,'boulangerie','nânvaii','نانوایی',10,_binary 'N','Bäckerei'),(794,'papillon','parvane','پروانه',10,_binary 'N','Schmetterling'),(795,'pantalon','chalvar','شلوار',10,_binary 'N','Hose'),(796,'force','tawan','توان',10,_binary 'N','Kraft'),(797,'soleil','khorchid','خورشید',10,_binary 'N','Sonne'),(798,'moto','motor','موتور',10,_binary 'N','Motorrad'),(799,'encore','dobare','دوباره',10,_binary 'N','noch'),(800,'soeur','khahar','خواهر',10,_binary 'N','Schwester'),(801,'lire/chanter','khandan','خواندن',10,_binary 'N','lesen/singen'),(802,'sommeil','khab','خواب',10,_binary 'N','Schlaf'),(803,'dormir','khabidan','خوابیدن',10,_binary 'N','schlafen'),(804,'pointe du crayon','noke medad','نوک مداد',10,_binary 'N','Bleistiftspitze'),(805,'demande','khahech','خواهش',10,_binary 'N','fragt'),(806,'vouloir','khastan','خواستن',10,_binary 'N','wollen'),(807,'gelée','gele','ژله',10,_binary 'N','Gelee'),(808,'cils','moja','مژه',10,_binary 'N','Wimpern'),(809,'gilet','jackat','ژاکت',10,_binary 'N','Weste'),(810,'savon','saboun','صابون',10,_binary 'N','Seife'),(811,'paupière','pilk','پلک',10,_binary 'N','Augenlid'),(812,'Égypte','mesr','مصر',10,_binary 'N','Ägypten'),(813,'comprimés','qors','قرص',10,_binary 'N','Tabletten'),(814,'jetons','jeton','ژتون',10,_binary 'N','Tokens'),(815,'abajour','abajour','آباژور',10,_binary 'N','abajour'),(816,'feutres (dessin)','magik','ماژیک',10,_binary 'N','Filzstifte (Zeichnen)'),(817,'massage','mâsâj','ماساژ',10,_binary 'N','Massage'),(818,'visage','sourat','صورت',10,_binary 'N','Gesicht'),(819,'rose (couleur)','sourati','صورتی',10,_binary 'N','rosa (Farbe)'),(820,'rouge à lèvres','roj','رژ',10,_binary 'N','Lippenstift'),(821,'palais','qasr','قصر',10,_binary 'N','Gaumen'),(822,'coquillage','sodaf','صدف',10,_binary 'N','Muschel'),(823,'garage','garag','گاراژ',10,_binary 'N','Garage'),(824,'spécial','mahsous','مخصوص',10,_binary 'N','speziell'),(825,'animal','heivan','حیوان',10,_binary 'N','Tier'),(826,'animaux','heivanat','حیوانات',10,_binary 'N','Tiere'),(827,'petit-déjeuner','sobâhne','صبحانه',10,_binary 'N','Frühstück'),(828,'matin','sobh','صبح',10,_binary 'N','Morgen'),(829,'espace','faza','فضا',10,_binary 'N','Raum'),(830,'multiplication','zarb','ضرب',11,_binary 'N','Vermehrung'),(831,'dégats','zarar','ضرر',11,_binary 'N','Schäden'),(832,'nécessité','zarourat','ضرورت',11,_binary 'N','Notwendigkeit'),(833,'parole','sochbat','صحبت',11,_binary 'N','Wort'),(834,'content','khochal','خوشحال',11,_binary 'N','content'),(835,'essui','hole','حوله',11,_binary 'N','wisch'),(836,'essentiel','zorouri','ضروری',11,_binary 'N','essentiell'),(837,'astronaute','fazanavard','فضانورد',11,_binary 'N','Astronaut'),(838,'petit déjeuner','sobhane','صبحانه',11,_binary 'N','Frühstück'),(839,'prêt','hazer','حاضر',11,_binary 'N','bereit'),(840,'correct','sahih','صحیح',11,_binary 'N','korrekt'),(841,'perroquet','touti','طوطی',11,_binary 'N','Papagei'),(842,'seau','satl','سطل',11,_binary 'N','Eimer'),(843,'ticket','belit','بلیط',11,_binary 'N','Ticket'),(844,'vaisselle','zarf','ظرف',11,_binary 'N','Geschirr'),(845,'midi','zohr','ظهر',11,_binary 'N','Mittag'),(846,'ligne','hat','خط',11,_binary 'N','Linie'),(847,'prudent','movazeb','مواظب',11,_binary 'N','vorsichtig'),(848,'réglage','tanzim','تنظیم',11,_binary 'N','Einstellung'),(849,'délicat','zarif','ظریف',11,_binary 'N','zart'),(850,'pluie','nazm','نظم',11,_binary 'N','Regen'),(851,'propre','nazif','نظیف',11,_binary 'N','sauber'),(852,'paysage','manzare','منظره',11,_binary 'N','Landschaft'),(853,'poupée','arousak','عروسک',11,_binary 'N','Puppe'),(854,'boîte','jahbe','جعبه',11,_binary 'N','Box'),(855,'bougie','chamh','شمح',11,_binary 'N','Kerze'),(856,'oie','qaz','غاز',11,_binary 'N','Gans'),(857,'hiboux','johd','جغد',11,_binary 'N','Eulen'),(858,'poule','morq','مرغ',11,_binary 'N','Henne'),(859,'chouette (oiseau)','porf','پوف',11,_binary 'N','Eule (Vogel)'),(860,'savoir','helm','علم',11,_binary 'N','Wissen'),(861,'coucher de soleil','qoroub','غروب',11,_binary 'N','Sonnenuntergang'),(862,'après midi','bahd az zohr','بعد از ظهر',11,_binary 'N','nach dem Mittag'),(863,'savant','alem','عالم',11,_binary 'N','wissend'),(864,'bruyant','cholouq','شلوغ',11,_binary 'N','laut'),(865,'Ouest','qarb','غرب',11,_binary 'N','Westen'),(866,'mince','laqar','لاغر',11,_binary 'N','dünn'),(867,'occupé','machqual','مشغول',11,_binary 'N','beschäftigt'),(868,'lame','tiq','تیغ',11,_binary 'N','Klinge'),(869,'jardin','baq','باغ',11,_binary 'N','Garten'),(870,'évident','mahloum','معلوم',11,_binary 'N','offensichtlich'),(871,'sale','kasif','کژیف',11,_binary 'N','schmutzig'),(872,'repas','qazar','غذا',11,_binary 'N','Mahlzeit'),(873,'délicieux','laziz','لذیذ',11,_binary 'N','köstlich'),(874,'meubles','azaz','اژاث',11,_binary 'N','Möbel'),(875,'excuses','mahzerat','معذرت',11,_binary 'N','Ausreden'),(876,'instinct','zat','ذات',11,_binary 'N','Instinkt'),(877,'réserve','zahire','ذخیره',11,_binary 'N','Vorrat'),(878,'lave','mozab','مذاب',11,_binary 'N','Lava'),(879,'serré','zabet','ژابت',11,_binary 'N','eng'),(880,'vie (durée)','homr','عمر',11,_binary 'N','Leben (Dauer)'),(881,'personne','hitchkas','هیچ کس',11,_binary 'N','Person'),(882,'tout le monde','hame','همه',11,_binary 'N','alle'),(883,'cabinet (médecin)','matab','مطب',11,_binary 'N','Praxis (Arzt)'),(884,'bonjour (matin)','soub beheir','صبح بخیر',11,_binary 'N','hallo (morgens)'),(885,'seul','tanha','تنها',11,_binary 'N','allein'),(886,'pâtisserie','chirini','شیرینی',11,_binary 'N','Konditorei'),(887,'salle de sport','salone varzech','سلن ورزش',11,_binary 'N','Sporthalle'),(888,'histoire/date','tarich','تاریخ',11,_binary 'N','Geschichte/Datum'),(889,'linguistique','zabanchenasi','زبانشناسی',11,_binary 'N','sprachlich'),(890,'journal','rouz name','روز نامه',11,_binary 'N','Zeitung'),(891,'beaucoup','ziad','زیاد',11,_binary 'N','viel'),(892,'aller','raftan','رفتن',11,_binary 'N','gehen'),(893,'je vais','man mi ravam','من می روم',11,_binary 'N','ich werde'),(894,'tu vas','to mi ravi','تو می روی',11,_binary 'N','du wirst'),(895,'il/elle va','ou mi ravad','او می رود',11,_binary 'N','er/sie/es wird'),(896,'nous allons','ma mi ravim','ما می رویم',11,_binary 'N','wir werden'),(897,'vous allez','choma mi ravid','شما می روید',11,_binary 'N','ihr werdet'),(898,'ils/elles vont','anha mi ravand','آنها می روند',11,_binary 'N','sie/sie/es werden'),(899,'venir','amadan','آمدن',11,_binary 'N','kommen'),(900,'je viens','man mi aim','من می آیم',11,_binary 'N','ich komme'),(901,'tu viens','to mi aii','تو می آیی',11,_binary 'N','du kommst'),(902,'il/elle vient','ou mi aid','او می آید',11,_binary 'N','er/sie/es kommt'),(903,'nous venons','ma mi aiim','ما می آییم',11,_binary 'N','wir kommen'),(904,'vous venez','choma mi aiid','شما می آیید',11,_binary 'N','ihr kommt'),(905,'ils/elles vont','anha mi aiiand','آنها می آیند',11,_binary 'N','sie/sie/es werden'),(906,'avoir','dachtan','داشتن',11,_binary 'N','haben'),(907,'j ai','man daram','من دارم',11,_binary 'N','ich habe'),(908,'tu as','to dari','تو داری',11,_binary 'N','du hast'),(909,'il/elle a','ou darad','او دارد',11,_binary 'N','er/sie/es hat'),(910,'nous avons','ma darim','ماداریم',11,_binary 'N','wir haben'),(911,'vous avez','choma darid','شما دارید',11,_binary 'N','ihr habt'),(912,'ils/elles ont','anha darand','آنها دارند',11,_binary 'N','sie/sie/es haben'),(913,'vouloir','khastan','خواستن',11,_binary 'N','wollen'),(914,'je veux','man mi khaham','من می خواهم',11,_binary 'N','ich will'),(915,'tu veux','to mi khahi','تو می خواهی',11,_binary 'N','du willst'),(916,'il/elle veut','ou mi khahad','او می خواهد',11,_binary 'N','er/sie/es will'),(917,'nous voulons','ma mi khahim','ما می خواهیم',11,_binary 'N','wir wollen'),(918,'vous voulez','choma mi khahid','شما می خواهید',11,_binary 'N','ihr wollt'),(919,'ils/elles veulent','anha mi khahand','آنها می خواهند',11,_binary 'N','sie/sie wollen'),(920,'manger','khordan','خوردن',11,_binary 'N','essen'),(921,'je mange','man mi khoram','من می خورم',11,_binary 'N','ich esse'),(922,'tu manges','to mi khori','تو می خوری',11,_binary 'N','du isst'),(923,'il/elle mange','ou mi khord','او می خورد',11,_binary 'N','er/sie/es isst'),(924,'nous mangeons','ma mi khorim','ما می خوریم',11,_binary 'N','wir essen'),(925,'vous mangez','choma mi khorid','شما می خورید',11,_binary 'N','ihr esst'),(926,'ils/elles mangent','anha mi khorand','آنها می خورند',11,_binary 'N','sie/sie/es essen'),(927,'voir','didan','دیدن',11,_binary 'N','sehen'),(928,'je vois','man mi binam','من می بینم',11,_binary 'N','ich sehe'),(929,'tu vois','to mi bini','تو می بینی',11,_binary 'N','du siehst'),(930,'il/elle voit','ou mi binad','او می بیند',11,_binary 'N','er/sie/es sieht'),(931,'nous voyons','ma mi binim','ما می بینیم',11,_binary 'N','wir sehen'),(932,'vous voyez','choma mi binid','شما می بینید',11,_binary 'N','ihr sehet'),(933,'ils/elles voient','anha mi binand','آنها می بینند',11,_binary 'N','sie/sie sehen'),(934,'entendre','chenidan','شنیدن',11,_binary 'N','hören'),(935,'j entends','man mi chenavam','من می شنوم',11,_binary 'N','ich höre'),(936,'tu entends','to mi chenavi','تو می شنوی',11,_binary 'N','du hörst'),(937,'il/elle entend','ou mi chenavad','او می شنود',11,_binary 'N','er/sie/es hört'),(938,'nous entendons','ma mi chenavim','ما می شنویم',11,_binary 'N','wir hören'),(939,'vous entendez','choma mi chenavid','شما می شنوید',11,_binary 'N','ihr hört'),(940,'ils/elles entendent','anha mi chenavand','آنها می شنوند',11,_binary 'N','sie/sie hören'),(941,'acheter','kharidan','خریدن',11,_binary 'N','kaufen'),(942,'j achète','man mi xaram','من می خرم',11,_binary 'N','ich kaufe'),(943,'tu achètes','to mi xari','تو می خری',11,_binary 'N','du kaufst'),(944,'il/elle achète','ou mi xarad','او می خرد',11,_binary 'N','er/sie/es kauft'),(945,'nous achetons','ma mi xarim','ما می خریم',11,_binary 'N','wir kaufen'),(946,'vous achetez','choma mi xarid','شما می خرید',11,_binary 'N','ihr kauft'),(947,'ils/elles achètent','anha mi xarand','آنها می خرند',11,_binary 'N','ihr/sie/es kauft'),(948,'boire','nochidan','نوشیدن',11,_binary 'N','trinken'),(949,'je bois','man mi nocham','من می نوشم',11,_binary 'N','ich trinke'),(950,'tu bois','to mi nochi','تو می نوشی',11,_binary 'N','du trinkst'),(951,'il/elle boit','ou mi nochad','او می نوشد',11,_binary 'N','er/sie/es trinkt'),(952,'nous buvons','ma mi nochim','ما می نوشیم',11,_binary 'N','wir trinken'),(953,'vous buvez','choma mi nochid','شما می نوشید',11,_binary 'N','ihr trinkt'),(954,'ils/elles boivent','anha mi nochand','آنها می نوشند',11,_binary 'N','ihr/sie/es trinkt'),(955,'rester','mandan','ماندن',11,_binary 'N','bleiben'),(956,'je reste','man mi manam','من می مانم',11,_binary 'N','ich bleibe'),(957,'tu restes','to mi mani','تو می مانی',11,_binary 'N','du bleibst'),(958,'il/elle reste','ou mi manad','او می ماند',11,_binary 'N','er/sie/es bleibt'),(959,'nous restons','ma mi manim','ما می مانیم',11,_binary 'N','wir bleiben'),(960,'vous restez','choma mi manid','شما می مانید',11,_binary 'N','ihr bleibt'),(961,'ils/elles restent','anha mi manand','آنها می مانند',11,_binary 'N','ihr/sie/es bleibt'),(962,'arriver','residan','رسیدن',11,_binary 'N','ankommen'),(963,'j arrive','man mi resam','من می رسم',11,_binary 'N','ich komme an'),(964,'tu arrives','to mi resi','تو می رسی',11,_binary 'N','du kommst an'),(965,'il/elle arrive','ou mi resad','او می رسد',11,_binary 'N','er/sie/es kommt an'),(966,'nous arrivons','ma mi resim','ما می رسیم',11,_binary 'N','wir kommen an'),(967,'vous arrivez','choma mi resid','شما می رسید',11,_binary 'N','ihr kommt an'),(968,'ils/elles arrivent','anha mi resand','آنها می رسند',11,_binary 'N','sie/sie/es kommen an'),(969,'comprendre','fahmidan','فهمیدن',11,_binary 'N','verstehen'),(970,'je comprends','man mi fahmam','من می فهمم',11,_binary 'N','ich verstehe'),(971,'tu comprends','to mi fahmi','تو می فهمی',11,_binary 'N','du verstehst'),(972,'il/elle comprend','ou mi fahmad','او می فهمد',11,_binary 'N','er/sie/es versteht'),(973,'nous comprennons','ma mi fahmim','ما می فهمیم',11,_binary 'N','wir verstehen'),(974,'vous comprennez','choma mi fahmid','شما می فهمید',11,_binary 'N','ihr versteht'),(975,'ils/elles comprennent','anha mi fahmand','آنها می فهمند',11,_binary 'N','sie/sie/es verstehen');
/*!40000 ALTER TABLE `Words` ENABLE KEYS */;
UNLOCK TABLES;
/*!40103 SET TIME_ZONE=@OLD_TIME_ZONE */;

/*!40101 SET SQL_MODE=@OLD_SQL_MODE */;
/*!40014 SET FOREIGN_KEY_CHECKS=@OLD_FOREIGN_KEY_CHECKS */;
/*!40014 SET UNIQUE_CHECKS=@OLD_UNIQUE_CHECKS */;
/*!40101 SET CHARACTER_SET_CLIENT=@OLD_CHARACTER_SET_CLIENT */;
/*!40101 SET CHARACTER_SET_RESULTS=@OLD_CHARACTER_SET_RESULTS */;
/*!40101 SET COLLATION_CONNECTION=@OLD_COLLATION_CONNECTION */;
/*!40111 SET SQL_NOTES=@OLD_SQL_NOTES */;

-- Dump completed on 2022-10-09 14:25:49
